年度,番号,樹木ID,樹種名,立地,木の周囲_cm,樹高_m,状態,備考,緯度,経度
2015,1,JBG-0001,ナラ,バラ園北側,76,14.4,健全,問題なし,35.670399,139.552047
2016,1,JBG-0001,ナラ,バラ園北側,83,14.8,健全,問題なし,35.670399,139.552047
2017,1,JBG-0001,ナラ,バラ園北側,92,15.2,要観察,樹勢低下の兆候,35.670399,139.552047
2018,1,JBG-0001,ナラ,バラ園北側,98,15.6,要観察,樹勢低下の兆候,35.670399,139.552047
2019,1,JBG-0001,ナラ,バラ園北側,104,15.9,虫害,防除実施予定,35.670399,139.552047
2020,1,JBG-0001,ナラ,バラ園北側,106,15.9,虫害,防除実施予定,35.670399,139.552047
2021,1,JBG-0001,ナラ,バラ園北側,106,16.0,立ち枯れ,伐根検討,35.670399,139.552047
2022,1,JBG-0001,ナラ,バラ園北側,106,16.0,立ち枯れ,伐根検討,35.670399,139.552047
2023,1,JBG-0001,ナラ,バラ園北側,106,16.0,立ち枯れ,伐根検討,35.670399,139.552047
2024,1,JBG-0001,ナラ,バラ園北側,106,16.0,立ち枯れ,伐根検討,35.670399,139.552047
2025,1,JBG-0001,ナラ,バラ園北側,106,16.0,立ち枯れ,伐根検討,35.670399,139.552047
2015,2,JBG-0002,ナラ,雑木林沿い,215,18.4,健全,問題なし,35.670793,139.552169
2016,2,JBG-0002,ナラ,雑木林沿い,222,19.0,健全,問題なし,35.670793,139.552169
2017,2,JBG-0002,ナラ,雑木林沿い,226,19.7,健全,問題なし,35.670793,139.552169
2018,2,JBG-0002,ナラ,雑木林沿い,234,20.0,健全,問題なし,35.670793,139.552169
2019,2,JBG-0002,ナラ,雑木林沿い,242,20.4,要観察,樹勢低下の兆候,35.670793,139.552169
2020,2,JBG-0002,ナラ,雑木林沿い,245,20.7,要観察,樹勢低下の兆候,35.670793,139.552169
2021,2,JBG-0002,ナラ,雑木林沿い,247,21.0,要観察,樹勢低下の兆候,35.670793,139.552169
2022,2,JBG-0002,ナラ,雑木林沿い,252,21.4,要観察,樹勢低下の兆候,35.670793,139.552169
2023,2,JBG-0002,ナラ,雑木林沿い,255,21.8,枝折れ,剪定対応予定,35.670793,139.552169
2024,2,JBG-0002,ナラ,雑木林沿い,258,21.8,枝折れ,剪定対応予定,35.670793,139.552169
2025,2,JBG-0002,ナラ,雑木林沿い,261,22.0,枝折れ,剪定対応予定,35.670793,139.552169
2015,3,JBG-0003,ナラ,池周辺,158,19.8,健全,問題なし,35.670803,139.546706
2016,3,JBG-0003,ナラ,池周辺,167,20.4,健全,問題なし,35.670803,139.546706
2017,3,JBG-0003,ナラ,池周辺,176,20.9,健全,問題なし,35.670803,139.546706
2018,3,JBG-0003,ナラ,池周辺,181,21.4,要観察,樹勢低下の兆候,35.670803,139.546706
2019,3,JBG-0003,ナラ,池周辺,183,21.5,要観察,樹勢低下の兆候,35.670803,139.546706
2020,3,JBG-0003,ナラ,池周辺,186,21.8,要観察,樹勢低下の兆候,35.670803,139.546706
2021,3,JBG-0003,ナラ,池周辺,191,22.2,枝折れ,剪定対応予定,35.670803,139.546706
2022,3,JBG-0003,ナラ,池周辺,192,22.3,枝折れ,剪定対応予定,35.670803,139.546706
2023,3,JBG-0003,ナラ,池周辺,193,22.4,枝折れ,剪定対応予定,35.670803,139.546706
2024,3,JBG-0003,ナラ,池周辺,194,22.6,立ち枯れ,伐根検討,35.670803,139.546706
2025,3,JBG-0003,ナラ,池周辺,194,22.6,立ち枯れ,伐根検討,35.670803,139.546706
2015,4,JBG-0004,ナラ,雑木林沿い,70,21.7,健全,問題なし,35.671066,139.544559
2016,4,JBG-0004,ナラ,雑木林沿い,76,22.4,健全,問題なし,35.671066,139.544559
2017,4,JBG-0004,ナラ,雑木林沿い,84,22.9,健全,問題なし,35.671066,139.544559
2018,4,JBG-0004,ナラ,雑木林沿い,89,23.3,要観察,樹勢低下の兆候,35.671066,139.544559
2019,4,JBG-0004,ナラ,雑木林沿い,94,23.5,要観察,樹勢低下の兆候,35.671066,139.544559
2020,4,JBG-0004,ナラ,雑木林沿い,96,23.8,要観察,樹勢低下の兆候,35.671066,139.544559
2021,4,JBG-0004,ナラ,雑木林沿い,101,24.1,枝折れ,剪定対応予定,35.671066,139.544559
2022,4,JBG-0004,ナラ,雑木林沿い,103,24.2,枝折れ,剪定対応予定,35.671066,139.544559
2023,4,JBG-0004,ナラ,雑木林沿い,103,24.2,枝折れ,剪定対応予定,35.671066,139.544559
2024,4,JBG-0004,ナラ,雑木林沿い,105,24.3,立ち枯れ,伐根検討,35.671066,139.544559
2025,4,JBG-0004,ナラ,雑木林沿い,105,24.3,立ち枯れ,伐根検討,35.671066,139.544559
2015,5,JBG-0005,マツ,芝生地,60,3.7,健全,問題なし,35.672803,139.545636
2016,5,JBG-0005,マツ,芝生地,64,4.0,健全,問題なし,35.672803,139.545636
2017,5,JBG-0005,マツ,芝生地,73,4.5,要観察,樹勢低下の兆候,35.672803,139.545636
2018,5,JBG-0005,マツ,芝生地,78,4.8,要観察,樹勢低下の兆候,35.672803,139.545636
2019,5,JBG-0005,マツ,芝生地,80,5.0,虫害,防除実施予定,35.672803,139.545636
2020,5,JBG-0005,マツ,芝生地,81,5.0,虫害,防除実施予定,35.672803,139.545636
2021,5,JBG-0005,マツ,芝生地,83,5.1,立ち枯れ,伐根検討,35.672803,139.545636
2022,5,JBG-0005,マツ,芝生地,83,5.1,立ち枯れ,伐根検討,35.672803,139.545636
2023,5,JBG-0005,マツ,芝生地,83,5.1,立ち枯れ,伐根検討,35.672803,139.545636
2024,5,JBG-0005,マツ,芝生地,83,5.1,立ち枯れ,伐根検討,35.672803,139.545636
2025,5,JBG-0005,マツ,芝生地,83,5.1,立ち枯れ,伐根検討,35.672803,139.545636
2015,6,JBG-0006,ナラ,バラ園北側,184,20.6,健全,問題なし,35.671662,139.548724
2016,6,JBG-0006,ナラ,バラ園北側,188,20.9,健全,問題なし,35.671662,139.548724
2017,6,JBG-0006,ナラ,バラ園北側,193,21.6,健全,問題なし,35.671662,139.548724
2018,6,JBG-0006,ナラ,バラ園北側,197,22.2,健全,問題なし,35.671662,139.548724
2019,6,JBG-0006,ナラ,バラ園北側,205,22.6,要観察,樹勢低下の兆候,35.671662,139.548724
2020,6,JBG-0006,ナラ,バラ園北側,210,22.8,要観察,樹勢低下の兆候,35.671662,139.548724
2021,6,JBG-0006,ナラ,バラ園北側,213,22.9,要観察,樹勢低下の兆候,35.671662,139.548724
2022,6,JBG-0006,ナラ,バラ園北側,216,23.1,要観察,樹勢低下の兆候,35.671662,139.548724
2023,6,JBG-0006,ナラ,バラ園北側,221,23.4,枝折れ,剪定対応予定,35.671662,139.548724
2024,6,JBG-0006,ナラ,バラ園北側,221,23.5,枝折れ,剪定対応予定,35.671662,139.548724
2025,6,JBG-0006,ナラ,バラ園北側,223,23.6,枝折れ,剪定対応予定,35.671662,139.548724
2015,7,JBG-0007,ナラ,バラ園北側,162,18.3,健全,問題なし,35.673609,139.546362
2016,7,JBG-0007,ナラ,バラ園北側,167,18.6,健全,問題なし,35.673609,139.546362
2017,7,JBG-0007,ナラ,バラ園北側,171,19.1,健全,問題なし,35.673609,139.546362
2018,7,JBG-0007,ナラ,バラ園北側,180,19.6,要観察,樹勢低下の兆候,35.673609,139.546362
2019,7,JBG-0007,ナラ,バラ園北側,185,20.0,要観察,樹勢低下の兆候,35.673609,139.546362
2020,7,JBG-0007,ナラ,バラ園北側,190,20.4,要観察,樹勢低下の兆候,35.673609,139.546362
2021,7,JBG-0007,ナラ,バラ園北側,192,20.6,枝折れ,剪定対応予定,35.673609,139.546362
2022,7,JBG-0007,ナラ,バラ園北側,192,20.8,枝折れ,剪定対応予定,35.673609,139.546362
2023,7,JBG-0007,ナラ,バラ園北側,195,20.9,枝折れ,剪定対応予定,35.673609,139.546362
2024,7,JBG-0007,ナラ,バラ園北側,197,21.0,立ち枯れ,伐根検討,35.673609,139.546362
2025,7,JBG-0007,ナラ,バラ園北側,197,21.0,立ち枯れ,伐根検討,35.673609,139.546362
2015,8,JBG-0008,マツ,園路沿い,180,22.8,健全,問題なし,35.671877,139.550664
2016,8,JBG-0008,マツ,園路沿い,187,23.2,健全,問題なし,35.671877,139.550664
2017,8,JBG-0008,マツ,園路沿い,193,23.5,要観察,樹勢低下の兆候,35.671877,139.550664
2018,8,JBG-0008,マツ,園路沿い,196,23.9,要観察,樹勢低下の兆候,35.671877,139.550664
2019,8,JBG-0008,マツ,園路沿い,200,24.2,虫害,防除実施予定,35.671877,139.550664
2020,8,JBG-0008,マツ,園路沿い,201,24.2,虫害,防除実施予定,35.671877,139.550664
2021,8,JBG-0008,マツ,園路沿い,204,24.3,立ち枯れ,伐根検討,35.671877,139.550664
2022,8,JBG-0008,マツ,園路沿い,204,24.3,立ち枯れ,伐根検討,35.671877,139.550664
2023,8,JBG-0008,マツ,園路沿い,204,24.3,立ち枯れ,伐根検討,35.671877,139.550664
2024,8,JBG-0008,マツ,園路沿い,204,24.3,立ち枯れ,伐根検討,35.671877,139.550664
2025,8,JBG-0008,マツ,園路沿い,204,24.3,立ち枯れ,伐根検討,35.671877,139.550664
2015,9,JBG-0009,マツ,バラテラス西側,175,12.3,健全,問題なし,35.67186,139.552126
2016,9,JBG-0009,マツ,バラテラス西側,180,12.8,健全,問題なし,35.67186,139.552126
2017,9,JBG-0009,マツ,バラテラス西側,189,13.2,健全,問題なし,35.67186,139.552126
2018,9,JBG-0009,マツ,バラテラス西側,194,13.9,健全,問題なし,35.67186,139.552126
2019,9,JBG-0009,マツ,バラテラス西側,199,14.3,要観察,樹勢低下の兆候,35.67186,139.552126
2020,9,JBG-0009,マツ,バラテラス西側,204,14.6,要観察,樹勢低下の兆候,35.67186,139.552126
2021,9,JBG-0009,マツ,バラテラス西側,209,14.9,要観察,樹勢低下の兆候,35.67186,139.552126
2022,9,JBG-0009,マツ,バラテラス西側,214,15.2,要観察,樹勢低下の兆候,35.67186,139.552126
2023,9,JBG-0009,マツ,バラテラス西側,218,15.5,枝折れ,剪定対応予定,35.67186,139.552126
2024,9,JBG-0009,マツ,バラテラス西側,220,15.5,枝折れ,剪定対応予定,35.67186,139.552126
2025,9,JBG-0009,マツ,バラテラス西側,223,15.7,枝折れ,剪定対応予定,35.67186,139.552126
2015,10,JBG-0010,ナラ,芝生地,203,22.9,健全,問題なし,35.670371,139.547514
2016,10,JBG-0010,ナラ,芝生地,211,23.4,健全,問題なし,35.670371,139.547514
2017,10,JBG-0010,ナラ,芝生地,216,24.0,健全,問題なし,35.670371,139.547514
2018,10,JBG-0010,ナラ,芝生地,221,24.6,健全,問題なし,35.670371,139.547514
2019,10,JBG-0010,ナラ,芝生地,229,25.0,要観察,樹勢低下の兆候,35.670371,139.547514
2020,10,JBG-0010,ナラ,芝生地,235,25.2,要観察,樹勢低下の兆候,35.670371,139.547514
2021,10,JBG-0010,ナラ,芝生地,238,25.6,要観察,樹勢低下の兆候,35.670371,139.547514
2022,10,JBG-0010,ナラ,芝生地,241,25.9,要観察,樹勢低下の兆候,35.670371,139.547514
2023,10,JBG-0010,ナラ,芝生地,244,26.3,虫害,防除実施予定,35.670371,139.547514
2024,10,JBG-0010,ナラ,芝生地,247,26.5,虫害,防除実施予定,35.670371,139.547514
2025,10,JBG-0010,ナラ,芝生地,247,26.6,虫害,防除実施予定,35.670371,139.547514
2015,11,JBG-0011,マツ,芝生地,200,14.3,健全,問題なし,35.672239,139.547525
2016,11,JBG-0011,マツ,芝生地,208,14.7,健全,問題なし,35.672239,139.547525
2017,11,JBG-0011,マツ,芝生地,214,15.1,健全,問題なし,35.672239,139.547525
2018,11,JBG-0011,マツ,芝生地,219,15.6,健全,問題なし,35.672239,139.547525
2019,11,JBG-0011,マツ,芝生地,227,16.0,要観察,樹勢低下の兆候,35.672239,139.547525
2020,11,JBG-0011,マツ,芝生地,230,16.2,要観察,樹勢低下の兆候,35.672239,139.547525
2021,11,JBG-0011,マツ,芝生地,236,16.5,要観察,樹勢低下の兆候,35.672239,139.547525
2022,11,JBG-0011,マツ,芝生地,240,16.8,要観察,樹勢低下の兆候,35.672239,139.547525
2023,11,JBG-0011,マツ,芝生地,243,17.1,枝折れ,剪定対応予定,35.672239,139.547525
2024,11,JBG-0011,マツ,芝生地,243,17.2,枝折れ,剪定対応予定,35.672239,139.547525
2025,11,JBG-0011,マツ,芝生地,245,17.3,枝折れ,剪定対応予定,35.672239,139.547525
2015,12,JBG-0012,ナラ,菊花壇の南,84,22.3,健全,問題なし,35.670981,139.552565
2016,12,JBG-0012,ナラ,菊花壇の南,88,22.7,健全,問題なし,35.670981,139.552565
2017,12,JBG-0012,ナラ,菊花壇の南,95,23.1,要観察,樹勢低下の兆候,35.670981,139.552565
2018,12,JBG-0012,ナラ,菊花壇の南,97,23.5,要観察,樹勢低下の兆候,35.670981,139.552565
2019,12,JBG-0012,ナラ,菊花壇の南,103,23.7,枝折れ,剪定対応予定,35.670981,139.552565
2020,12,JBG-0012,ナラ,菊花壇の南,104,23.8,枝折れ,剪定対応予定,35.670981,139.552565
2021,12,JBG-0012,ナラ,菊花壇の南,107,24.0,立ち枯れ,伐根検討,35.670981,139.552565
2022,12,JBG-0012,ナラ,菊花壇の南,107,24.0,立ち枯れ,伐根検討,35.670981,139.552565
2023,12,JBG-0012,ナラ,菊花壇の南,107,24.0,立ち枯れ,伐根検討,35.670981,139.552565
2024,12,JBG-0012,ナラ,菊花壇の南,107,24.0,立ち枯れ,伐根検討,35.670981,139.552565
2025,12,JBG-0012,ナラ,菊花壇の南,107,24.0,立ち枯れ,伐根検討,35.670981,139.552565
2015,13,JBG-0013,ナラ,雑木林沿い,225,18.1,健全,問題なし,35.673142,139.552682
2016,13,JBG-0013,ナラ,雑木林沿い,230,18.6,健全,問題なし,35.673142,139.552682
2017,13,JBG-0013,ナラ,雑木林沿い,239,19.1,要観察,樹勢低下の兆候,35.673142,139.552682
2018,13,JBG-0013,ナラ,雑木林沿い,241,19.4,要観察,樹勢低下の兆候,35.673142,139.552682
2019,13,JBG-0013,ナラ,雑木林沿い,245,19.6,虫害,防除実施予定,35.673142,139.552682
2020,13,JBG-0013,ナラ,雑木林沿い,246,19.8,虫害,防除実施予定,35.673142,139.552682
2021,13,JBG-0013,ナラ,雑木林沿い,247,19.8,立ち枯れ,伐根検討,35.673142,139.552682
2022,13,JBG-0013,ナラ,雑木林沿い,247,19.8,立ち枯れ,伐根検討,35.673142,139.552682
2023,13,JBG-0013,ナラ,雑木林沿い,247,19.8,立ち枯れ,伐根検討,35.673142,139.552682
2024,13,JBG-0013,ナラ,雑木林沿い,247,19.8,立ち枯れ,伐根検討,35.673142,139.552682
2025,13,JBG-0013,ナラ,雑木林沿い,247,19.8,立ち枯れ,伐根検討,35.673142,139.552682
2015,14,JBG-0014,マツ,正門近く,126,18.0,健全,問題なし,35.671703,139.546098
2016,14,JBG-0014,マツ,正門近く,134,18.6,健全,問題なし,35.671703,139.546098
2017,14,JBG-0014,マツ,正門近く,139,19.0,健全,問題なし,35.671703,139.546098
2018,14,JBG-0014,マツ,正門近く,144,19.4,要観察,樹勢低下の兆候,35.671703,139.546098
2019,14,JBG-0014,マツ,正門近く,146,19.5,要観察,樹勢低下の兆候,35.671703,139.546098
2020,14,JBG-0014,マツ,正門近く,149,19.8,要観察,樹勢低下の兆候,35.671703,139.546098
2021,14,JBG-0014,マツ,正門近く,154,20.1,虫害,防除実施予定,35.671703,139.546098
2022,14,JBG-0014,マツ,正門近く,157,20.2,虫害,防除実施予定,35.671703,139.546098
2023,14,JBG-0014,マツ,正門近く,158,20.3,虫害,防除実施予定,35.671703,139.546098
2024,14,JBG-0014,マツ,正門近く,161,20.5,立ち枯れ,伐根検討,35.671703,139.546098
2025,14,JBG-0014,マツ,正門近く,161,20.5,立ち枯れ,伐根検討,35.671703,139.546098
2015,15,JBG-0015,マツ,雑木林沿い,197,2.9,健全,問題なし,35.668861,139.548607
2016,15,JBG-0015,マツ,雑木林沿い,203,3.3,健全,問題なし,35.668861,139.548607
2017,15,JBG-0015,マツ,雑木林沿い,208,3.8,要観察,樹勢低下の兆候,35.668861,139.548607
2018,15,JBG-0015,マツ,雑木林沿い,211,3.9,要観察,樹勢低下の兆候,35.668861,139.548607
2019,15,JBG-0015,マツ,雑木林沿い,213,4.1,虫害,防除実施予定,35.668861,139.548607
2020,15,JBG-0015,マツ,雑木林沿い,215,4.3,虫害,防除実施予定,35.668861,139.548607
2021,15,JBG-0015,マツ,雑木林沿い,215,4.4,立ち枯れ,伐根検討,35.668861,139.548607
2022,15,JBG-0015,マツ,雑木林沿い,215,4.4,立ち枯れ,伐根検討,35.668861,139.548607
2023,15,JBG-0015,マツ,雑木林沿い,215,4.4,立ち枯れ,伐根検討,35.668861,139.548607
2024,15,JBG-0015,マツ,雑木林沿い,215,4.4,立ち枯れ,伐根検討,35.668861,139.548607
2025,15,JBG-0015,マツ,雑木林沿い,215,4.4,立ち枯れ,伐根検討,35.668861,139.548607
2015,16,JBG-0016,ナラ,バラ園北側,157,22.9,健全,問題なし,35.670432,139.548408
2016,16,JBG-0016,ナラ,バラ園北側,161,23.5,健全,問題なし,35.670432,139.548408
2017,16,JBG-0016,ナラ,バラ園北側,170,23.8,健全,問題なし,35.670432,139.548408
2018,16,JBG-0016,ナラ,バラ園北側,176,24.3,要観察,樹勢低下の兆候,35.670432,139.548408
2019,16,JBG-0016,ナラ,バラ園北側,181,24.6,要観察,樹勢低下の兆候,35.670432,139.548408
2020,16,JBG-0016,ナラ,バラ園北側,186,25.0,要観察,樹勢低下の兆候,35.670432,139.548408
2021,16,JBG-0016,ナラ,バラ園北側,188,25.3,枝折れ,剪定対応予定,35.670432,139.548408
2022,16,JBG-0016,ナラ,バラ園北側,191,25.5,枝折れ,剪定対応予定,35.670432,139.548408
2023,16,JBG-0016,ナラ,バラ園北側,193,25.6,枝折れ,剪定対応予定,35.670432,139.548408
2024,16,JBG-0016,ナラ,バラ園北側,194,25.8,立ち枯れ,伐根検討,35.670432,139.548408
2025,16,JBG-0016,ナラ,バラ園北側,194,25.8,立ち枯れ,伐根検討,35.670432,139.548408
2015,17,JBG-0017,マツ,園路沿い,82,20.9,健全,問題なし,35.669176,139.547696
2016,17,JBG-0017,マツ,園路沿い,86,21.2,健全,問題なし,35.669176,139.547696
2017,17,JBG-0017,マツ,園路沿い,95,21.8,健全,問題なし,35.669176,139.547696
2018,17,JBG-0017,マツ,園路沿い,101,22.4,健全,問題なし,35.669176,139.547696
2019,17,JBG-0017,マツ,園路沿い,108,22.9,要観察,樹勢低下の兆候,35.669176,139.547696
2020,17,JBG-0017,マツ,園路沿い,111,23.0,要観察,樹勢低下の兆候,35.669176,139.547696
2021,17,JBG-0017,マツ,園路沿い,115,23.2,要観察,樹勢低下の兆候,35.669176,139.547696
2022,17,JBG-0017,マツ,園路沿い,120,23.5,要観察,樹勢低下の兆候,35.669176,139.547696
2023,17,JBG-0017,マツ,園路沿い,126,23.7,虫害,防除実施予定,35.669176,139.547696
2024,17,JBG-0017,マツ,園路沿い,129,23.8,虫害,防除実施予定,35.669176,139.547696
2025,17,JBG-0017,マツ,園路沿い,130,23.8,虫害,防除実施予定,35.669176,139.547696
2015,18,JBG-0018,ナラ,芝生地,195,2.0,健全,問題なし,35.673574,139.547897
2016,18,JBG-0018,ナラ,芝生地,200,2.7,健全,問題なし,35.673574,139.547897
2017,18,JBG-0018,ナラ,芝生地,205,3.3,健全,問題なし,35.673574,139.547897
2018,18,JBG-0018,ナラ,芝生地,210,3.6,要観察,樹勢低下の兆候,35.673574,139.547897
2019,18,JBG-0018,ナラ,芝生地,216,3.8,要観察,樹勢低下の兆候,35.673574,139.547897
2020,18,JBG-0018,ナラ,芝生地,222,4.0,要観察,樹勢低下の兆候,35.673574,139.547897
2021,18,JBG-0018,ナラ,芝生地,224,4.3,虫害,防除実施予定,35.673574,139.547897
2022,18,JBG-0018,ナラ,芝生地,226,4.4,虫害,防除実施予定,35.673574,139.547897
2023,18,JBG-0018,ナラ,芝生地,226,4.5,虫害,防除実施予定,35.673574,139.547897
2024,18,JBG-0018,ナラ,芝生地,228,4.5,立ち枯れ,伐根検討,35.673574,139.547897
2025,18,JBG-0018,ナラ,芝生地,228,4.5,立ち枯れ,伐根検討,35.673574,139.547897
2015,19,JBG-0019,マツ,園路沿い,145,10.6,健全,問題なし,35.674535,139.544797
2016,19,JBG-0019,マツ,園路沿い,154,11.3,健全,問題なし,35.674535,139.544797
2017,19,JBG-0019,マツ,園路沿い,159,11.8,健全,問題なし,35.674535,139.544797
2018,19,JBG-0019,マツ,園路沿い,164,12.4,要観察,樹勢低下の兆候,35.674535,139.544797
2019,19,JBG-0019,マツ,園路沿い,169,12.6,要観察,樹勢低下の兆候,35.674535,139.544797
2020,19,JBG-0019,マツ,園路沿い,171,12.8,要観察,樹勢低下の兆候,35.674535,139.544797
2021,19,JBG-0019,マツ,園路沿い,176,13.0,枝折れ,剪定対応予定,35.674535,139.544797
2022,19,JBG-0019,マツ,園路沿い,178,13.2,枝折れ,剪定対応予定,35.674535,139.544797
2023,19,JBG-0019,マツ,園路沿い,178,13.2,枝折れ,剪定対応予定,35.674535,139.544797
2024,19,JBG-0019,マツ,園路沿い,181,13.4,立ち枯れ,伐根検討,35.674535,139.544797
2025,19,JBG-0019,マツ,園路沿い,181,13.4,立ち枯れ,伐根検討,35.674535,139.544797
2015,20,JBG-0020,マツ,雑木林沿い,159,2.7,健全,問題なし,35.672635,139.553227
2016,20,JBG-0020,マツ,雑木林沿い,166,3.1,健全,問題なし,35.672635,139.553227
2017,20,JBG-0020,マツ,雑木林沿い,173,3.6,健全,問題なし,35.672635,139.553227
2018,20,JBG-0020,マツ,雑木林沿い,180,4.1,要観察,樹勢低下の兆候,35.672635,139.553227
2019,20,JBG-0020,マツ,雑木林沿い,182,4.3,要観察,樹勢低下の兆候,35.672635,139.553227
2020,20,JBG-0020,マツ,雑木林沿い,187,4.6,要観察,樹勢低下の兆候,35.672635,139.553227
2021,20,JBG-0020,マツ,雑木林沿い,190,4.8,枝折れ,剪定対応予定,35.672635,139.553227
2022,20,JBG-0020,マツ,雑木林沿い,193,4.8,枝折れ,剪定対応予定,35.672635,139.553227
2023,20,JBG-0020,マツ,雑木林沿い,195,5.0,枝折れ,剪定対応予定,35.672635,139.553227
2024,20,JBG-0020,マツ,雑木林沿い,196,5.2,立ち枯れ,伐根検討,35.672635,139.553227
2025,20,JBG-0020,マツ,雑木林沿い,196,5.2,立ち枯れ,伐根検討,35.672635,139.553227
2015,21,JBG-0021,マツ,芝生地,103,13.9,健全,問題なし,35.672813,139.551197
2016,21,JBG-0021,マツ,芝生地,111,14.4,健全,問題なし,35.672813,139.551197
2017,21,JBG-0021,マツ,芝生地,119,14.9,要観察,樹勢低下の兆候,35.672813,139.551197
2018,21,JBG-0021,マツ,芝生地,123,15.2,要観察,樹勢低下の兆候,35.672813,139.551197
2019,21,JBG-0021,マツ,芝生地,126,15.4,枝折れ,剪定対応予定,35.672813,139.551197
2020,21,JBG-0021,マツ,芝生地,129,15.6,枝折れ,剪定対応予定,35.672813,139.551197
2021,21,JBG-0021,マツ,芝生地,130,15.7,立ち枯れ,伐根検討,35.672813,139.551197
2022,21,JBG-0021,マツ,芝生地,130,15.7,立ち枯れ,伐根検討,35.672813,139.551197
2023,21,JBG-0021,マツ,芝生地,130,15.7,立ち枯れ,伐根検討,35.672813,139.551197
2024,21,JBG-0021,マツ,芝生地,130,15.7,立ち枯れ,伐根検討,35.672813,139.551197
2025,21,JBG-0021,マツ,芝生地,130,15.7,立ち枯れ,伐根検討,35.672813,139.551197
2015,22,JBG-0022,ナラ,バラテラス西側,179,18.7,健全,問題なし,35.670637,139.552723
2016,22,JBG-0022,ナラ,バラテラス西側,187,19.3,健全,問題なし,35.670637,139.552723
2017,22,JBG-0022,ナラ,バラテラス西側,196,20.0,要観察,樹勢低下の兆候,35.670637,139.552723
2018,22,JBG-0022,ナラ,バラテラス西側,200,20.3,要観察,樹勢低下の兆候,35.670637,139.552723
2019,22,JBG-0022,ナラ,バラテラス西側,204,20.5,枝折れ,剪定対応予定,35.670637,139.552723
2020,22,JBG-0022,ナラ,バラテラス西側,207,20.5,枝折れ,剪定対応予定,35.670637,139.552723
2021,22,JBG-0022,ナラ,バラテラス西側,208,20.6,立ち枯れ,伐根検討,35.670637,139.552723
2022,22,JBG-0022,ナラ,バラテラス西側,208,20.6,立ち枯れ,伐根検討,35.670637,139.552723
2023,22,JBG-0022,ナラ,バラテラス西側,208,20.6,立ち枯れ,伐根検討,35.670637,139.552723
2024,22,JBG-0022,ナラ,バラテラス西側,208,20.6,立ち枯れ,伐根検討,35.670637,139.552723
2025,22,JBG-0022,ナラ,バラテラス西側,208,20.6,立ち枯れ,伐根検討,35.670637,139.552723
2015,23,JBG-0023,マツ,雑木林沿い,164,6.8,健全,問題なし,35.67201,139.54754
2016,23,JBG-0023,マツ,雑木林沿い,171,7.4,健全,問題なし,35.67201,139.54754
2017,23,JBG-0023,マツ,雑木林沿い,180,8.0,健全,問題なし,35.67201,139.54754
2018,23,JBG-0023,マツ,雑木林沿い,186,8.6,要観察,樹勢低下の兆候,35.67201,139.54754
2019,23,JBG-0023,マツ,雑木林沿い,192,8.7,要観察,樹勢低下の兆候,35.67201,139.54754
2020,23,JBG-0023,マツ,雑木林沿い,198,8.9,要観察,樹勢低下の兆候,35.67201,139.54754
2021,23,JBG-0023,マツ,雑木林沿い,202,9.2,枝折れ,剪定対応予定,35.67201,139.54754
2022,23,JBG-0023,マツ,雑木林沿い,203,9.3,枝折れ,剪定対応予定,35.67201,139.54754
2023,23,JBG-0023,マツ,雑木林沿い,205,9.5,枝折れ,剪定対応予定,35.67201,139.54754
2024,23,JBG-0023,マツ,雑木林沿い,206,9.5,立ち枯れ,伐根検討,35.67201,139.54754
2025,23,JBG-0023,マツ,雑木林沿い,206,9.5,立ち枯れ,伐根検討,35.67201,139.54754
2015,24,JBG-0024,ナラ,池周辺,239,13.8,健全,問題なし,35.671393,139.551172
2016,24,JBG-0024,ナラ,池周辺,245,14.5,健全,問題なし,35.671393,139.551172
2017,24,JBG-0024,ナラ,池周辺,253,15.1,健全,問題なし,35.671393,139.551172
2018,24,JBG-0024,ナラ,池周辺,262,15.5,健全,問題なし,35.671393,139.551172
2019,24,JBG-0024,ナラ,池周辺,271,16.0,要観察,樹勢低下の兆候,35.671393,139.551172
2020,24,JBG-0024,ナラ,池周辺,277,16.2,要観察,樹勢低下の兆候,35.671393,139.551172
2021,24,JBG-0024,ナラ,池周辺,280,16.5,要観察,樹勢低下の兆候,35.671393,139.551172
2022,24,JBG-0024,ナラ,池周辺,286,16.6,要観察,樹勢低下の兆候,35.671393,139.551172
2023,24,JBG-0024,ナラ,池周辺,289,16.7,虫害,防除実施予定,35.671393,139.551172
2024,24,JBG-0024,ナラ,池周辺,292,16.9,虫害,防除実施予定,35.671393,139.551172
2025,24,JBG-0024,ナラ,池周辺,294,17.0,虫害,防除実施予定,35.671393,139.551172
2015,25,JBG-0025,マツ,園路沿い,170,16.6,健全,問題なし,35.674026,139.551161
2016,25,JBG-0025,マツ,園路沿い,175,16.9,健全,問題なし,35.674026,139.551161
2017,25,JBG-0025,マツ,園路沿い,183,17.3,要観察,樹勢低下の兆候,35.674026,139.551161
2018,25,JBG-0025,マツ,園路沿い,186,17.5,要観察,樹勢低下の兆候,35.674026,139.551161
2019,25,JBG-0025,マツ,園路沿い,192,17.8,虫害,防除実施予定,35.674026,139.551161
2020,25,JBG-0025,マツ,園路沿い,195,17.9,虫害,防除実施予定,35.674026,139.551161
2021,25,JBG-0025,マツ,園路沿い,195,17.9,立ち枯れ,伐根検討,35.674026,139.551161
2022,25,JBG-0025,マツ,園路沿い,195,17.9,立ち枯れ,伐根検討,35.674026,139.551161
2023,25,JBG-0025,マツ,園路沿い,195,17.9,立ち枯れ,伐根検討,35.674026,139.551161
2024,25,JBG-0025,マツ,園路沿い,195,17.9,立ち枯れ,伐根検討,35.674026,139.551161
2025,25,JBG-0025,マツ,園路沿い,195,17.9,立ち枯れ,伐根検討,35.674026,139.551161
2015,26,JBG-0026,マツ,バラ園北側,190,2.5,健全,問題なし,35.669751,139.547424
2016,26,JBG-0026,マツ,バラ園北側,197,2.9,健全,問題なし,35.669751,139.547424
2017,26,JBG-0026,マツ,バラ園北側,202,3.5,健全,問題なし,35.669751,139.547424
2018,26,JBG-0026,マツ,バラ園北側,209,4.0,健全,問題なし,35.669751,139.547424
2019,26,JBG-0026,マツ,バラ園北側,213,4.6,要観察,樹勢低下の兆候,35.669751,139.547424
2020,26,JBG-0026,マツ,バラ園北側,217,4.8,要観察,樹勢低下の兆候,35.669751,139.547424
2021,26,JBG-0026,マツ,バラ園北側,222,5.2,要観察,樹勢低下の兆候,35.669751,139.547424
2022,26,JBG-0026,マツ,バラ園北側,225,5.6,要観察,樹勢低下の兆候,35.669751,139.547424
2023,26,JBG-0026,マツ,バラ園北側,230,5.7,枝折れ,剪定対応予定,35.669751,139.547424
2024,26,JBG-0026,マツ,バラ園北側,231,5.8,枝折れ,剪定対応予定,35.669751,139.547424
2025,26,JBG-0026,マツ,バラ園北側,231,5.9,枝折れ,剪定対応予定,35.669751,139.547424
2015,27,JBG-0027,ナラ,自由広場付近,220,5.0,健全,問題なし,35.672073,139.547821
2016,27,JBG-0027,ナラ,自由広場付近,228,5.7,健全,問題なし,35.672073,139.547821
2017,27,JBG-0027,ナラ,自由広場付近,232,6.1,健全,問題なし,35.672073,139.547821
2018,27,JBG-0027,ナラ,自由広場付近,237,6.7,要観察,樹勢低下の兆候,35.672073,139.547821
2019,27,JBG-0027,ナラ,自由広場付近,239,6.9,要観察,樹勢低下の兆候,35.672073,139.547821
2020,27,JBG-0027,ナラ,自由広場付近,242,7.2,要観察,樹勢低下の兆候,35.672073,139.547821
2021,27,JBG-0027,ナラ,自由広場付近,245,7.4,枝折れ,剪定対応予定,35.672073,139.547821
2022,27,JBG-0027,ナラ,自由広場付近,246,7.5,枝折れ,剪定対応予定,35.672073,139.547821
2023,27,JBG-0027,ナラ,自由広場付近,246,7.5,枝折れ,剪定対応予定,35.672073,139.547821
2024,27,JBG-0027,ナラ,自由広場付近,247,7.6,立ち枯れ,伐根検討,35.672073,139.547821
2025,27,JBG-0027,ナラ,自由広場付近,247,7.6,立ち枯れ,伐根検討,35.672073,139.547821
2015,28,JBG-0028,マツ,芝生地,140,17.5,健全,問題なし,35.670259,139.552478
2016,28,JBG-0028,マツ,芝生地,147,18.1,健全,問題なし,35.670259,139.552478
2017,28,JBG-0028,マツ,芝生地,155,18.8,健全,問題なし,35.670259,139.552478
2018,28,JBG-0028,マツ,芝生地,163,19.2,健全,問題なし,35.670259,139.552478
2019,28,JBG-0028,マツ,芝生地,170,19.6,要観察,樹勢低下の兆候,35.670259,139.552478
2020,28,JBG-0028,マツ,芝生地,172,19.9,要観察,樹勢低下の兆候,35.670259,139.552478
2021,28,JBG-0028,マツ,芝生地,176,20.2,要観察,樹勢低下の兆候,35.670259,139.552478
2022,28,JBG-0028,マツ,芝生地,178,20.4,要観察,樹勢低下の兆候,35.670259,139.552478
2023,28,JBG-0028,マツ,芝生地,183,20.6,枝折れ,剪定対応予定,35.670259,139.552478
2024,28,JBG-0028,マツ,芝生地,184,20.8,枝折れ,剪定対応予定,35.670259,139.552478
2025,28,JBG-0028,マツ,芝生地,185,20.8,枝折れ,剪定対応予定,35.670259,139.552478
2015,29,JBG-0029,マツ,雑木林沿い,67,18.5,健全,問題なし,35.669282,139.546274
2016,29,JBG-0029,マツ,雑木林沿い,71,19.1,健全,問題なし,35.669282,139.546274
2017,29,JBG-0029,マツ,雑木林沿い,77,19.8,健全,問題なし,35.669282,139.546274
2018,29,JBG-0029,マツ,雑木林沿い,81,20.2,要観察,樹勢低下の兆候,35.669282,139.546274
2019,29,JBG-0029,マツ,雑木林沿い,85,20.3,要観察,樹勢低下の兆候,35.669282,139.546274
2020,29,JBG-0029,マツ,雑木林沿い,87,20.6,要観察,樹勢低下の兆候,35.669282,139.546274
2021,29,JBG-0029,マツ,雑木林沿い,91,20.7,虫害,防除実施予定,35.669282,139.546274
2022,29,JBG-0029,マツ,雑木林沿い,94,20.7,虫害,防除実施予定,35.669282,139.546274
2023,29,JBG-0029,マツ,雑木林沿い,96,20.9,虫害,防除実施予定,35.669282,139.546274
2024,29,JBG-0029,マツ,雑木林沿い,97,21.0,立ち枯れ,伐根検討,35.669282,139.546274
2025,29,JBG-0029,マツ,雑木林沿い,97,21.0,立ち枯れ,伐根検討,35.669282,139.546274
2015,30,JBG-0030,ナラ,園路沿い,118,9.4,健全,問題なし,35.672188,139.545266
2016,30,JBG-0030,ナラ,園路沿い,122,10.1,健全,問題なし,35.672188,139.545266
2017,30,JBG-0030,ナラ,園路沿い,126,10.7,健全,問題なし,35.672188,139.545266
2018,30,JBG-0030,ナラ,園路沿い,133,11.1,要観察,樹勢低下の兆候,35.672188,139.545266
2019,30,JBG-0030,ナラ,園路沿い,139,11.4,要観察,樹勢低下の兆候,35.672188,139.545266
2020,30,JBG-0030,ナラ,園路沿い,141,11.8,要観察,樹勢低下の兆候,35.672188,139.545266
2021,30,JBG-0030,ナラ,園路沿い,144,12.2,枝折れ,剪定対応予定,35.672188,139.545266
2022,30,JBG-0030,ナラ,園路沿い,145,12.2,枝折れ,剪定対応予定,35.672188,139.545266
2023,30,JBG-0030,ナラ,園路沿い,146,12.3,枝折れ,剪定対応予定,35.672188,139.545266
2024,30,JBG-0030,ナラ,園路沿い,148,12.5,立ち枯れ,伐根検討,35.672188,139.545266
2025,30,JBG-0030,ナラ,園路沿い,148,12.5,立ち枯れ,伐根検討,35.672188,139.545266
2015,31,JBG-0031,マツ,芝生地,165,18.3,健全,問題なし,35.672026,139.552864
2016,31,JBG-0031,マツ,芝生地,171,18.9,健全,問題なし,35.672026,139.552864
2017,31,JBG-0031,マツ,芝生地,175,19.3,要観察,樹勢低下の兆候,35.672026,139.552864
2018,31,JBG-0031,マツ,芝生地,180,19.5,要観察,樹勢低下の兆候,35.672026,139.552864
2019,31,JBG-0031,マツ,芝生地,183,19.8,虫害,防除実施予定,35.672026,139.552864
2020,31,JBG-0031,マツ,芝生地,184,19.9,虫害,防除実施予定,35.672026,139.552864
2021,31,JBG-0031,マツ,芝生地,186,20.0,立ち枯れ,伐根検討,35.672026,139.552864
2022,31,JBG-0031,マツ,芝生地,186,20.0,立ち枯れ,伐根検討,35.672026,139.552864
2023,31,JBG-0031,マツ,芝生地,186,20.0,立ち枯れ,伐根検討,35.672026,139.552864
2024,31,JBG-0031,マツ,芝生地,186,20.0,立ち枯れ,伐根検討,35.672026,139.552864
2025,31,JBG-0031,マツ,芝生地,186,20.0,立ち枯れ,伐根検討,35.672026,139.552864
2015,32,JBG-0032,ナラ,正門近く,200,13.7,健全,問題なし,35.673462,139.546812
2016,32,JBG-0032,ナラ,正門近く,208,14.4,健全,問題なし,35.673462,139.546812
2017,32,JBG-0032,ナラ,正門近く,213,14.8,健全,問題なし,35.673462,139.546812
2018,32,JBG-0032,ナラ,正門近く,218,15.4,健全,問題なし,35.673462,139.546812
2019,32,JBG-0032,ナラ,正門近く,225,15.8,要観察,樹勢低下の兆候,35.673462,139.546812
2020,32,JBG-0032,ナラ,正門近く,227,16.1,要観察,樹勢低下の兆候,35.673462,139.546812
2021,32,JBG-0032,ナラ,正門近く,230,16.3,要観察,樹勢低下の兆候,35.673462,139.546812
2022,32,JBG-0032,ナラ,正門近く,233,16.6,要観察,樹勢低下の兆候,35.673462,139.546812
2023,32,JBG-0032,ナラ,正門近く,237,16.8,虫害,防除実施予定,35.673462,139.546812
2024,32,JBG-0032,ナラ,正門近く,239,16.9,虫害,防除実施予定,35.673462,139.546812
2025,32,JBG-0032,ナラ,正門近く,239,17.1,虫害,防除実施予定,35.673462,139.546812
2015,33,JBG-0033,マツ,自由広場付近,170,8.2,健全,問題なし,35.673842,139.552825
2016,33,JBG-0033,マツ,自由広場付近,175,8.9,健全,問題なし,35.673842,139.552825
2017,33,JBG-0033,マツ,自由広場付近,182,9.5,要観察,樹勢低下の兆候,35.673842,139.552825
2018,33,JBG-0033,マツ,自由広場付近,184,9.9,要観察,樹勢低下の兆候,35.673842,139.552825
2019,33,JBG-0033,マツ,自由広場付近,188,10.0,枝折れ,剪定対応予定,35.673842,139.552825
2020,33,JBG-0033,マツ,自由広場付近,189,10.0,枝折れ,剪定対応予定,35.673842,139.552825
2021,33,JBG-0033,マツ,自由広場付近,191,10.1,立ち枯れ,伐根検討,35.673842,139.552825
2022,33,JBG-0033,マツ,自由広場付近,191,10.1,立ち枯れ,伐根検討,35.673842,139.552825
2023,33,JBG-0033,マツ,自由広場付近,191,10.1,立ち枯れ,伐根検討,35.673842,139.552825
2024,33,JBG-0033,マツ,自由広場付近,191,10.1,立ち枯れ,伐根検討,35.673842,139.552825
2025,33,JBG-0033,マツ,自由広場付近,191,10.1,立ち枯れ,伐根検討,35.673842,139.552825
2015,34,JBG-0034,ナラ,菊花壇の南,206,12.8,健全,問題なし,35.672975,139.545601
2016,34,JBG-0034,ナラ,菊花壇の南,214,13.4,健全,問題なし,35.672975,139.545601
2017,34,JBG-0034,ナラ,菊花壇の南,222,13.9,健全,問題なし,35.672975,139.545601
2018,34,JBG-0034,ナラ,菊花壇の南,229,14.5,要観察,樹勢低下の兆候,35.672975,139.545601
2019,34,JBG-0034,ナラ,菊花壇の南,231,14.7,要観察,樹勢低下の兆候,35.672975,139.545601
2020,34,JBG-0034,ナラ,菊花壇の南,234,14.9,要観察,樹勢低下の兆候,35.672975,139.545601
2021,34,JBG-0034,ナラ,菊花壇の南,240,15.0,虫害,防除実施予定,35.672975,139.545601
2022,34,JBG-0034,ナラ,菊花壇の南,240,15.1,虫害,防除実施予定,35.672975,139.545601
2023,34,JBG-0034,ナラ,菊花壇の南,241,15.2,虫害,防除実施予定,35.672975,139.545601
2024,34,JBG-0034,ナラ,菊花壇の南,243,15.2,立ち枯れ,伐根検討,35.672975,139.545601
2025,34,JBG-0034,ナラ,菊花壇の南,243,15.2,立ち枯れ,伐根検討,35.672975,139.545601
2015,35,JBG-0035,ナラ,自由広場付近,203,13.2,健全,問題なし,35.674546,139.552202
2016,35,JBG-0035,ナラ,自由広場付近,208,13.7,健全,問題なし,35.674546,139.552202
2017,35,JBG-0035,ナラ,自由広場付近,217,14.3,要観察,樹勢低下の兆候,35.674546,139.552202
2018,35,JBG-0035,ナラ,自由広場付近,220,14.4,要観察,樹勢低下の兆候,35.674546,139.552202
2019,35,JBG-0035,ナラ,自由広場付近,226,14.7,虫害,防除実施予定,35.674546,139.552202
2020,35,JBG-0035,ナラ,自由広場付近,227,14.8,虫害,防除実施予定,35.674546,139.552202
2021,35,JBG-0035,ナラ,自由広場付近,228,14.9,立ち枯れ,伐根検討,35.674546,139.552202
2022,35,JBG-0035,ナラ,自由広場付近,228,14.9,立ち枯れ,伐根検討,35.674546,139.552202
2023,35,JBG-0035,ナラ,自由広場付近,228,14.9,立ち枯れ,伐根検討,35.674546,139.552202
2024,35,JBG-0035,ナラ,自由広場付近,228,14.9,立ち枯れ,伐根検討,35.674546,139.552202
2025,35,JBG-0035,ナラ,自由広場付近,228,14.9,立ち枯れ,伐根検討,35.674546,139.552202
2015,36,JBG-0036,マツ,自由広場付近,124,15.5,健全,問題なし,35.670858,139.551283
2016,36,JBG-0036,マツ,自由広場付近,129,16.2,健全,問題なし,35.670858,139.551283
2017,36,JBG-0036,マツ,自由広場付近,136,16.6,健全,問題なし,35.670858,139.551283
2018,36,JBG-0036,マツ,自由広場付近,140,17.1,要観察,樹勢低下の兆候,35.670858,139.551283
2019,36,JBG-0036,マツ,自由広場付近,143,17.4,要観察,樹勢低下の兆候,35.670858,139.551283
2020,36,JBG-0036,マツ,自由広場付近,148,17.8,要観察,樹勢低下の兆候,35.670858,139.551283
2021,36,JBG-0036,マツ,自由広場付近,154,17.9,虫害,防除実施予定,35.670858,139.551283
2022,36,JBG-0036,マツ,自由広場付近,157,18.1,虫害,防除実施予定,35.670858,139.551283
2023,36,JBG-0036,マツ,自由広場付近,157,18.3,虫害,防除実施予定,35.670858,139.551283
2024,36,JBG-0036,マツ,自由広場付近,158,18.3,立ち枯れ,伐根検討,35.670858,139.551283
2025,36,JBG-0036,マツ,自由広場付近,158,18.3,立ち枯れ,伐根検討,35.670858,139.551283
2015,37,JBG-0037,ナラ,雑木林沿い,74,14.2,健全,問題なし,35.671052,139.546889
2016,37,JBG-0037,ナラ,雑木林沿い,79,14.7,健全,問題なし,35.671052,139.546889
2017,37,JBG-0037,ナラ,雑木林沿い,86,15.3,要観察,樹勢低下の兆候,35.671052,139.546889
2018,37,JBG-0037,ナラ,雑木林沿い,92,15.5,要観察,樹勢低下の兆候,35.671052,139.546889
2019,37,JBG-0037,ナラ,雑木林沿い,95,15.9,枝折れ,剪定対応予定,35.671052,139.546889
2020,37,JBG-0037,ナラ,雑木林沿い,98,15.9,枝折れ,剪定対応予定,35.671052,139.546889
2021,37,JBG-0037,ナラ,雑木林沿い,100,15.9,立ち枯れ,伐根検討,35.671052,139.546889
2022,37,JBG-0037,ナラ,雑木林沿い,100,15.9,立ち枯れ,伐根検討,35.671052,139.546889
2023,37,JBG-0037,ナラ,雑木林沿い,100,15.9,立ち枯れ,伐根検討,35.671052,139.546889
2024,37,JBG-0037,ナラ,雑木林沿い,100,15.9,立ち枯れ,伐根検討,35.671052,139.546889
2025,37,JBG-0037,ナラ,雑木林沿い,100,15.9,立ち枯れ,伐根検討,35.671052,139.546889
2015,38,JBG-0038,ナラ,バラテラス西側,170,12.5,健全,問題なし,35.669215,139.547163
2016,38,JBG-0038,ナラ,バラテラス西側,178,12.8,健全,問題なし,35.669215,139.547163
2017,38,JBG-0038,ナラ,バラテラス西側,183,13.2,健全,問題なし,35.669215,139.547163
2018,38,JBG-0038,ナラ,バラテラス西側,189,13.8,健全,問題なし,35.669215,139.547163
2019,38,JBG-0038,ナラ,バラテラス西側,196,14.1,要観察,樹勢低下の兆候,35.669215,139.547163
2020,38,JBG-0038,ナラ,バラテラス西側,199,14.3,要観察,樹勢低下の兆候,35.669215,139.547163
2021,38,JBG-0038,ナラ,バラテラス西側,204,14.6,要観察,樹勢低下の兆候,35.669215,139.547163
2022,38,JBG-0038,ナラ,バラテラス西側,210,14.9,要観察,樹勢低下の兆候,35.669215,139.547163
2023,38,JBG-0038,ナラ,バラテラス西側,214,15.2,虫害,防除実施予定,35.669215,139.547163
2024,38,JBG-0038,ナラ,バラテラス西側,214,15.4,虫害,防除実施予定,35.669215,139.547163
2025,38,JBG-0038,ナラ,バラテラス西側,217,15.5,虫害,防除実施予定,35.669215,139.547163
2015,39,JBG-0039,マツ,バラテラス西側,154,3.4,健全,問題なし,35.674465,139.544964
2016,39,JBG-0039,マツ,バラテラス西側,163,3.9,健全,問題なし,35.674465,139.544964
2017,39,JBG-0039,マツ,バラテラス西側,172,4.5,健全,問題なし,35.674465,139.544964
2018,39,JBG-0039,マツ,バラテラス西側,180,5.1,要観察,樹勢低下の兆候,35.674465,139.544964
2019,39,JBG-0039,マツ,バラテラス西側,185,5.4,要観察,樹勢低下の兆候,35.674465,139.544964
2020,39,JBG-0039,マツ,バラテラス西側,188,5.7,要観察,樹勢低下の兆候,35.674465,139.544964
2021,39,JBG-0039,マツ,バラテラス西側,190,6.0,枝折れ,剪定対応予定,35.674465,139.544964
2022,39,JBG-0039,マツ,バラテラス西側,193,6.1,枝折れ,剪定対応予定,35.674465,139.544964
2023,39,JBG-0039,マツ,バラテラス西側,194,6.1,枝折れ,剪定対応予定,35.674465,139.544964
2024,39,JBG-0039,マツ,バラテラス西側,195,6.2,立ち枯れ,伐根検討,35.674465,139.544964
2025,39,JBG-0039,マツ,バラテラス西側,195,6.2,立ち枯れ,伐根検討,35.674465,139.544964
2015,40,JBG-0040,マツ,バラ園北側,85,16.5,健全,問題なし,35.672241,139.553168
2016,40,JBG-0040,マツ,バラ園北側,91,17.1,健全,問題なし,35.672241,139.553168
2017,40,JBG-0040,マツ,バラ園北側,100,17.7,健全,問題なし,35.672241,139.553168
2018,40,JBG-0040,マツ,バラ園北側,108,18.0,健全,問題なし,35.672241,139.553168
2019,40,JBG-0040,マツ,バラ園北側,114,18.5,要観察,樹勢低下の兆候,35.672241,139.553168
2020,40,JBG-0040,マツ,バラ園北側,119,18.8,要観察,樹勢低下の兆候,35.672241,139.553168
2021,40,JBG-0040,マツ,バラ園北側,121,19.0,要観察,樹勢低下の兆候,35.672241,139.553168
2022,40,JBG-0040,マツ,バラ園北側,126,19.2,要観察,樹勢低下の兆候,35.672241,139.553168
2023,40,JBG-0040,マツ,バラ園北側,132,19.6,枝折れ,剪定対応予定,35.672241,139.553168
2024,40,JBG-0040,マツ,バラ園北側,134,19.8,枝折れ,剪定対応予定,35.672241,139.553168
2025,40,JBG-0040,マツ,バラ園北側,137,19.9,枝折れ,剪定対応予定,35.672241,139.553168
2015,41,JBG-0041,マツ,温室近く,189,10.6,健全,問題なし,35.673845,139.549565
2016,41,JBG-0041,マツ,温室近く,198,10.9,健全,問題なし,35.673845,139.549565
2017,41,JBG-0041,マツ,温室近く,202,11.6,健全,問題なし,35.673845,139.549565
2018,41,JBG-0041,マツ,温室近く,207,12.1,要観察,樹勢低下の兆候,35.673845,139.549565
2019,41,JBG-0041,マツ,温室近く,209,12.3,要観察,樹勢低下の兆候,35.673845,139.549565
2020,41,JBG-0041,マツ,温室近く,213,12.6,要観察,樹勢低下の兆候,35.673845,139.549565
2021,41,JBG-0041,マツ,温室近く,217,12.8,枝折れ,剪定対応予定,35.673845,139.549565
2022,41,JBG-0041,マツ,温室近く,219,12.9,枝折れ,剪定対応予定,35.673845,139.549565
2023,41,JBG-0041,マツ,温室近く,222,13.1,枝折れ,剪定対応予定,35.673845,139.549565
2024,41,JBG-0041,マツ,温室近く,222,13.2,立ち枯れ,伐根検討,35.673845,139.549565
2025,41,JBG-0041,マツ,温室近く,222,13.2,立ち枯れ,伐根検討,35.673845,139.549565
2015,42,JBG-0042,マツ,温室近く,205,17.7,健全,問題なし,35.67225,139.552807
2016,42,JBG-0042,マツ,温室近く,213,18.0,健全,問題なし,35.67225,139.552807
2017,42,JBG-0042,マツ,温室近く,222,18.4,健全,問題なし,35.67225,139.552807
2018,42,JBG-0042,マツ,温室近く,228,19.0,要観察,樹勢低下の兆候,35.67225,139.552807
2019,42,JBG-0042,マツ,温室近く,234,19.2,要観察,樹勢低下の兆候,35.67225,139.552807
2020,42,JBG-0042,マツ,温室近く,240,19.6,要観察,樹勢低下の兆候,35.67225,139.552807
2021,42,JBG-0042,マツ,温室近く,246,19.9,虫害,防除実施予定,35.67225,139.552807
2022,42,JBG-0042,マツ,温室近く,249,20.0,虫害,防除実施予定,35.67225,139.552807
2023,42,JBG-0042,マツ,温室近く,250,20.0,虫害,防除実施予定,35.67225,139.552807
2024,42,JBG-0042,マツ,温室近く,252,20.1,立ち枯れ,伐根検討,35.67225,139.552807
2025,42,JBG-0042,マツ,温室近く,252,20.1,立ち枯れ,伐根検討,35.67225,139.552807
2015,43,JBG-0043,マツ,園路沿い,109,4.2,健全,問題なし,35.668919,139.550442
2016,43,JBG-0043,マツ,園路沿い,114,4.9,健全,問題なし,35.668919,139.550442
2017,43,JBG-0043,マツ,園路沿い,121,5.6,健全,問題なし,35.668919,139.550442
2018,43,JBG-0043,マツ,園路沿い,126,5.9,要観察,樹勢低下の兆候,35.668919,139.550442
2019,43,JBG-0043,マツ,園路沿い,130,6.1,要観察,樹勢低下の兆候,35.668919,139.550442
2020,43,JBG-0043,マツ,園路沿い,135,6.2,要観察,樹勢低下の兆候,35.668919,139.550442
2021,43,JBG-0043,マツ,園路沿い,139,6.4,枝折れ,剪定対応予定,35.668919,139.550442
2022,43,JBG-0043,マツ,園路沿い,139,6.4,枝折れ,剪定対応予定,35.668919,139.550442
2023,43,JBG-0043,マツ,園路沿い,140,6.6,枝折れ,剪定対応予定,35.668919,139.550442
2024,43,JBG-0043,マツ,園路沿い,142,6.8,立ち枯れ,伐根検討,35.668919,139.550442
2025,43,JBG-0043,マツ,園路沿い,142,6.8,立ち枯れ,伐根検討,35.668919,139.550442
2015,44,JBG-0044,ナラ,正門近く,219,2.3,健全,問題なし,35.671622,139.549377
2016,44,JBG-0044,ナラ,正門近く,228,2.6,健全,問題なし,35.671622,139.549377
2017,44,JBG-0044,ナラ,正門近く,237,3.1,健全,問題なし,35.671622,139.549377
2018,44,JBG-0044,ナラ,正門近く,245,3.5,要観察,樹勢低下の兆候,35.671622,139.549377
2019,44,JBG-0044,ナラ,正門近く,249,3.7,要観察,樹勢低下の兆候,35.671622,139.549377
2020,44,JBG-0044,ナラ,正門近く,255,4.0,要観察,樹勢低下の兆候,35.671622,139.549377
2021,44,JBG-0044,ナラ,正門近く,258,4.2,虫害,防除実施予定,35.671622,139.549377
2022,44,JBG-0044,ナラ,正門近く,259,4.4,虫害,防除実施予定,35.671622,139.549377
2023,44,JBG-0044,ナラ,正門近く,261,4.6,虫害,防除実施予定,35.671622,139.549377
2024,44,JBG-0044,ナラ,正門近く,263,4.7,立ち枯れ,伐根検討,35.671622,139.549377
2025,44,JBG-0044,ナラ,正門近く,263,4.7,立ち枯れ,伐根検討,35.671622,139.549377
2015,45,JBG-0045,マツ,自由広場付近,115,21.0,健全,問題なし,35.673984,139.548671
2016,45,JBG-0045,マツ,自由広場付近,119,21.6,健全,問題なし,35.673984,139.548671
2017,45,JBG-0045,マツ,自由広場付近,128,21.9,健全,問題なし,35.673984,139.548671
2018,45,JBG-0045,マツ,自由広場付近,135,22.4,要観察,樹勢低下の兆候,35.673984,139.548671
2019,45,JBG-0045,マツ,自由広場付近,141,22.8,要観察,樹勢低下の兆候,35.673984,139.548671
2020,45,JBG-0045,マツ,自由広場付近,146,22.9,要観察,樹勢低下の兆候,35.673984,139.548671
2021,45,JBG-0045,マツ,自由広場付近,150,23.0,虫害,防除実施予定,35.673984,139.548671
2022,45,JBG-0045,マツ,自由広場付近,151,23.2,虫害,防除実施予定,35.673984,139.548671
2023,45,JBG-0045,マツ,自由広場付近,153,23.3,虫害,防除実施予定,35.673984,139.548671
2024,45,JBG-0045,マツ,自由広場付近,155,23.4,立ち枯れ,伐根検討,35.673984,139.548671
2025,45,JBG-0045,マツ,自由広場付近,155,23.4,立ち枯れ,伐根検討,35.673984,139.548671
2015,46,JBG-0046,マツ,菊花壇の南,49,12.8,健全,問題なし,35.673179,139.546548
2016,46,JBG-0046,マツ,菊花壇の南,53,13.5,健全,問題なし,35.673179,139.546548
2017,46,JBG-0046,マツ,菊花壇の南,62,14.1,健全,問題なし,35.673179,139.546548
2018,46,JBG-0046,マツ,菊花壇の南,66,14.7,健全,問題なし,35.673179,139.546548
2019,46,JBG-0046,マツ,菊花壇の南,75,15.0,要観察,樹勢低下の兆候,35.673179,139.546548
2020,46,JBG-0046,マツ,菊花壇の南,78,15.2,要観察,樹勢低下の兆候,35.673179,139.546548
2021,46,JBG-0046,マツ,菊花壇の南,81,15.4,要観察,樹勢低下の兆候,35.673179,139.546548
2022,46,JBG-0046,マツ,菊花壇の南,84,15.5,要観察,樹勢低下の兆候,35.673179,139.546548
2023,46,JBG-0046,マツ,菊花壇の南,86,15.9,枝折れ,剪定対応予定,35.673179,139.546548
2024,46,JBG-0046,マツ,菊花壇の南,87,16.1,枝折れ,剪定対応予定,35.673179,139.546548
2025,46,JBG-0046,マツ,菊花壇の南,88,16.2,枝折れ,剪定対応予定,35.673179,139.546548
2015,47,JBG-0047,ナラ,バラ園北側,145,7.4,健全,問題なし,35.674773,139.547719
2016,47,JBG-0047,ナラ,バラ園北側,150,7.8,健全,問題なし,35.674773,139.547719
2017,47,JBG-0047,ナラ,バラ園北側,155,8.5,健全,問題なし,35.674773,139.547719
2018,47,JBG-0047,ナラ,バラ園北側,159,9.1,要観察,樹勢低下の兆候,35.674773,139.547719
2019,47,JBG-0047,ナラ,バラ園北側,165,9.5,要観察,樹勢低下の兆候,35.674773,139.547719
2020,47,JBG-0047,ナラ,バラ園北側,171,9.6,要観察,樹勢低下の兆候,35.674773,139.547719
2021,47,JBG-0047,ナラ,バラ園北側,177,9.9,虫害,防除実施予定,35.674773,139.547719
2022,47,JBG-0047,ナラ,バラ園北側,177,10.0,虫害,防除実施予定,35.674773,139.547719
2023,47,JBG-0047,ナラ,バラ園北側,180,10.1,虫害,防除実施予定,35.674773,139.547719
2024,47,JBG-0047,ナラ,バラ園北側,183,10.2,立ち枯れ,伐根検討,35.674773,139.547719
2025,47,JBG-0047,ナラ,バラ園北側,183,10.2,立ち枯れ,伐根検討,35.674773,139.547719
2015,48,JBG-0048,ナラ,菊花壇の南,58,16.7,健全,問題なし,35.672843,139.546284
2016,48,JBG-0048,ナラ,菊花壇の南,62,17.4,健全,問題なし,35.672843,139.546284
2017,48,JBG-0048,ナラ,菊花壇の南,67,17.8,要観察,樹勢低下の兆候,35.672843,139.546284
2018,48,JBG-0048,ナラ,菊花壇の南,69,18.1,要観察,樹勢低下の兆候,35.672843,139.546284
2019,48,JBG-0048,ナラ,菊花壇の南,75,18.3,枝折れ,剪定対応予定,35.672843,139.546284
2020,48,JBG-0048,ナラ,菊花壇の南,78,18.4,枝折れ,剪定対応予定,35.672843,139.546284
2021,48,JBG-0048,ナラ,菊花壇の南,81,18.5,立ち枯れ,伐根検討,35.672843,139.546284
2022,48,JBG-0048,ナラ,菊花壇の南,81,18.5,立ち枯れ,伐根検討,35.672843,139.546284
2023,48,JBG-0048,ナラ,菊花壇の南,81,18.5,立ち枯れ,伐根検討,35.672843,139.546284
2024,48,JBG-0048,ナラ,菊花壇の南,81,18.5,立ち枯れ,伐根検討,35.672843,139.546284
2025,48,JBG-0048,ナラ,菊花壇の南,81,18.5,立ち枯れ,伐根検討,35.672843,139.546284
2015,49,JBG-0049,マツ,バラテラス西側,97,18.0,健全,問題なし,35.673838,139.547225
2016,49,JBG-0049,マツ,バラテラス西側,102,18.4,健全,問題なし,35.673838,139.547225
2017,49,JBG-0049,マツ,バラテラス西側,109,18.8,要観察,樹勢低下の兆候,35.673838,139.547225
2018,49,JBG-0049,マツ,バラテラス西側,112,19.0,要観察,樹勢低下の兆候,35.673838,139.547225
2019,49,JBG-0049,マツ,バラテラス西側,116,19.2,枝折れ,剪定対応予定,35.673838,139.547225
2020,49,JBG-0049,マツ,バラテラス西側,116,19.3,枝折れ,剪定対応予定,35.673838,139.547225
2021,49,JBG-0049,マツ,バラテラス西側,119,19.4,立ち枯れ,伐根検討,35.673838,139.547225
2022,49,JBG-0049,マツ,バラテラス西側,119,19.4,立ち枯れ,伐根検討,35.673838,139.547225
2023,49,JBG-0049,マツ,バラテラス西側,119,19.4,立ち枯れ,伐根検討,35.673838,139.547225
2024,49,JBG-0049,マツ,バラテラス西側,119,19.4,立ち枯れ,伐根検討,35.673838,139.547225
2025,49,JBG-0049,マツ,バラテラス西側,119,19.4,立ち枯れ,伐根検討,35.673838,139.547225
2015,50,JBG-0050,マツ,温室近く,139,18.4,健全,問題なし,35.669353,139.548484
2016,50,JBG-0050,マツ,温室近く,146,19.0,健全,問題なし,35.669353,139.548484
2017,50,JBG-0050,マツ,温室近く,150,19.5,健全,問題なし,35.669353,139.548484
2018,50,JBG-0050,マツ,温室近く,154,19.9,要観察,樹勢低下の兆候,35.669353,139.548484
2019,50,JBG-0050,マツ,温室近く,159,20.2,要観察,樹勢低下の兆候,35.669353,139.548484
2020,50,JBG-0050,マツ,温室近く,164,20.5,要観察,樹勢低下の兆候,35.669353,139.548484
2021,50,JBG-0050,マツ,温室近く,170,20.7,虫害,防除実施予定,35.669353,139.548484
2022,50,JBG-0050,マツ,温室近く,172,20.9,虫害,防除実施予定,35.669353,139.548484
2023,50,JBG-0050,マツ,温室近く,175,21.1,虫害,防除実施予定,35.669353,139.548484
2024,50,JBG-0050,マツ,温室近く,178,21.1,立ち枯れ,伐根検討,35.669353,139.548484
2025,50,JBG-0050,マツ,温室近く,178,21.1,立ち枯れ,伐根検討,35.669353,139.548484
2015,51,JBG-0051,マツ,温室近く,217,4.4,健全,問題なし,35.672613,139.548031
2016,51,JBG-0051,マツ,温室近く,222,5.0,健全,問題なし,35.672613,139.548031
2017,51,JBG-0051,マツ,温室近く,227,5.6,健全,問題なし,35.672613,139.548031
2018,51,JBG-0051,マツ,温室近く,233,6.1,要観察,樹勢低下の兆候,35.672613,139.548031
2019,51,JBG-0051,マツ,温室近く,238,6.4,要観察,樹勢低下の兆候,35.672613,139.548031
2020,51,JBG-0051,マツ,温室近く,243,6.7,要観察,樹勢低下の兆候,35.672613,139.548031
2021,51,JBG-0051,マツ,温室近く,248,7.1,枝折れ,剪定対応予定,35.672613,139.548031
2022,51,JBG-0051,マツ,温室近く,248,7.1,枝折れ,剪定対応予定,35.672613,139.548031
2023,51,JBG-0051,マツ,温室近く,248,7.2,枝折れ,剪定対応予定,35.672613,139.548031
2024,51,JBG-0051,マツ,温室近く,251,7.3,立ち枯れ,伐根検討,35.672613,139.548031
2025,51,JBG-0051,マツ,温室近く,251,7.3,立ち枯れ,伐根検討,35.672613,139.548031
2015,52,JBG-0052,マツ,芝生地,67,19.7,健全,問題なし,35.671396,139.550387
2016,52,JBG-0052,マツ,芝生地,72,20.3,健全,問題なし,35.671396,139.550387
2017,52,JBG-0052,マツ,芝生地,76,20.9,健全,問題なし,35.671396,139.550387
2018,52,JBG-0052,マツ,芝生地,81,21.6,要観察,樹勢低下の兆候,35.671396,139.550387
2019,52,JBG-0052,マツ,芝生地,83,21.8,要観察,樹勢低下の兆候,35.671396,139.550387
2020,52,JBG-0052,マツ,芝生地,87,22.0,要観察,樹勢低下の兆候,35.671396,139.550387
2021,52,JBG-0052,マツ,芝生地,90,22.3,枝折れ,剪定対応予定,35.671396,139.550387
2022,52,JBG-0052,マツ,芝生地,93,22.5,枝折れ,剪定対応予定,35.671396,139.550387
2023,52,JBG-0052,マツ,芝生地,96,22.5,枝折れ,剪定対応予定,35.671396,139.550387
2024,52,JBG-0052,マツ,芝生地,97,22.6,立ち枯れ,伐根検討,35.671396,139.550387
2025,52,JBG-0052,マツ,芝生地,97,22.6,立ち枯れ,伐根検討,35.671396,139.550387
2015,53,JBG-0053,マツ,池周辺,211,5.5,健全,問題なし,35.669967,139.546405
2016,53,JBG-0053,マツ,池周辺,218,5.9,健全,問題なし,35.669967,139.546405
2017,53,JBG-0053,マツ,池周辺,227,6.2,健全,問題なし,35.669967,139.546405
2018,53,JBG-0053,マツ,池周辺,231,6.6,要観察,樹勢低下の兆候,35.669967,139.546405
2019,53,JBG-0053,マツ,池周辺,236,6.9,要観察,樹勢低下の兆候,35.669967,139.546405
2020,53,JBG-0053,マツ,池周辺,238,7.3,要観察,樹勢低下の兆候,35.669967,139.546405
2021,53,JBG-0053,マツ,池周辺,241,7.4,虫害,防除実施予定,35.669967,139.546405
2022,53,JBG-0053,マツ,池周辺,241,7.6,虫害,防除実施予定,35.669967,139.546405
2023,53,JBG-0053,マツ,池周辺,243,7.7,虫害,防除実施予定,35.669967,139.546405
2024,53,JBG-0053,マツ,池周辺,245,7.7,立ち枯れ,伐根検討,35.669967,139.546405
2025,53,JBG-0053,マツ,池周辺,245,7.7,立ち枯れ,伐根検討,35.669967,139.546405
2015,54,JBG-0054,ナラ,園路沿い,130,8.3,健全,問題なし,35.669241,139.552844
2016,54,JBG-0054,ナラ,園路沿い,138,8.7,健全,問題なし,35.669241,139.552844
2017,54,JBG-0054,ナラ,園路沿い,144,9.2,健全,問題なし,35.669241,139.552844
2018,54,JBG-0054,ナラ,園路沿い,150,9.6,健全,問題なし,35.669241,139.552844
2019,54,JBG-0054,ナラ,園路沿い,157,10.0,要観察,樹勢低下の兆候,35.669241,139.552844
2020,54,JBG-0054,ナラ,園路沿い,159,10.1,要観察,樹勢低下の兆候,35.669241,139.552844
2021,54,JBG-0054,ナラ,園路沿い,164,10.3,要観察,樹勢低下の兆候,35.669241,139.552844
2022,54,JBG-0054,ナラ,園路沿い,167,10.6,要観察,樹勢低下の兆候,35.669241,139.552844
2023,54,JBG-0054,ナラ,園路沿い,171,10.9,枝折れ,剪定対応予定,35.669241,139.552844
2024,54,JBG-0054,ナラ,園路沿い,173,10.9,枝折れ,剪定対応予定,35.669241,139.552844
2025,54,JBG-0054,ナラ,園路沿い,174,11.1,枝折れ,剪定対応予定,35.669241,139.552844
2015,55,JBG-0055,ナラ,雑木林沿い,147,19.1,健全,問題なし,35.66898,139.552822
2016,55,JBG-0055,ナラ,雑木林沿い,153,19.7,健全,問題なし,35.66898,139.552822
2017,55,JBG-0055,ナラ,雑木林沿い,161,20.2,健全,問題なし,35.66898,139.552822
2018,55,JBG-0055,ナラ,雑木林沿い,170,20.8,要観察,樹勢低下の兆候,35.66898,139.552822
2019,55,JBG-0055,ナラ,雑木林沿い,174,20.9,要観察,樹勢低下の兆候,35.66898,139.552822
2020,55,JBG-0055,ナラ,雑木林沿い,178,21.3,要観察,樹勢低下の兆候,35.66898,139.552822
2021,55,JBG-0055,ナラ,雑木林沿い,184,21.4,枝折れ,剪定対応予定,35.66898,139.552822
2022,55,JBG-0055,ナラ,雑木林沿い,186,21.6,枝折れ,剪定対応予定,35.66898,139.552822
2023,55,JBG-0055,ナラ,雑木林沿い,187,21.7,枝折れ,剪定対応予定,35.66898,139.552822
2024,55,JBG-0055,ナラ,雑木林沿い,190,21.7,立ち枯れ,伐根検討,35.66898,139.552822
2025,55,JBG-0055,ナラ,雑木林沿い,190,21.7,立ち枯れ,伐根検討,35.66898,139.552822
2015,56,JBG-0056,ナラ,雑木林沿い,148,6.3,健全,問題なし,35.670625,139.547043
2016,56,JBG-0056,ナラ,雑木林沿い,153,6.7,健全,問題なし,35.670625,139.547043
2017,56,JBG-0056,ナラ,雑木林沿い,160,7.1,健全,問題なし,35.670625,139.547043
2018,56,JBG-0056,ナラ,雑木林沿い,169,7.5,健全,問題なし,35.670625,139.547043
2019,56,JBG-0056,ナラ,雑木林沿い,177,7.8,要観察,樹勢低下の兆候,35.670625,139.547043
2020,56,JBG-0056,ナラ,雑木林沿い,183,8.2,要観察,樹勢低下の兆候,35.670625,139.547043
2021,56,JBG-0056,ナラ,雑木林沿い,186,8.3,要観察,樹勢低下の兆候,35.670625,139.547043
2022,56,JBG-0056,ナラ,雑木林沿い,188,8.6,要観察,樹勢低下の兆候,35.670625,139.547043
2023,56,JBG-0056,ナラ,雑木林沿い,194,8.7,枝折れ,剪定対応予定,35.670625,139.547043
2024,56,JBG-0056,ナラ,雑木林沿い,195,8.8,枝折れ,剪定対応予定,35.670625,139.547043
2025,56,JBG-0056,ナラ,雑木林沿い,195,9.0,枝折れ,剪定対応予定,35.670625,139.547043
2015,57,JBG-0057,マツ,温室近く,208,2.0,健全,問題なし,35.673292,139.551575
2016,57,JBG-0057,マツ,温室近く,214,2.4,健全,問題なし,35.673292,139.551575
2017,57,JBG-0057,マツ,温室近く,218,2.8,要観察,樹勢低下の兆候,35.673292,139.551575
2018,57,JBG-0057,マツ,温室近く,220,3.1,要観察,樹勢低下の兆候,35.673292,139.551575
2019,57,JBG-0057,マツ,温室近く,226,3.4,枝折れ,剪定対応予定,35.673292,139.551575
2020,57,JBG-0057,マツ,温室近く,229,3.5,枝折れ,剪定対応予定,35.673292,139.551575
2021,57,JBG-0057,マツ,温室近く,232,3.6,立ち枯れ,伐根検討,35.673292,139.551575
2022,57,JBG-0057,マツ,温室近く,232,3.6,立ち枯れ,伐根検討,35.673292,139.551575
2023,57,JBG-0057,マツ,温室近く,232,3.6,立ち枯れ,伐根検討,35.673292,139.551575
2024,57,JBG-0057,マツ,温室近く,232,3.6,立ち枯れ,伐根検討,35.673292,139.551575
2025,57,JBG-0057,マツ,温室近く,232,3.6,立ち枯れ,伐根検討,35.673292,139.551575
2015,58,JBG-0058,マツ,温室近く,178,8.5,健全,問題なし,35.671863,139.55278
2016,58,JBG-0058,マツ,温室近く,184,9.0,健全,問題なし,35.671863,139.55278
2017,58,JBG-0058,マツ,温室近く,191,9.4,健全,問題なし,35.671863,139.55278
2018,58,JBG-0058,マツ,温室近く,197,10.0,健全,問題なし,35.671863,139.55278
2019,58,JBG-0058,マツ,温室近く,201,10.5,要観察,樹勢低下の兆候,35.671863,139.55278
2020,58,JBG-0058,マツ,温室近く,203,10.9,要観察,樹勢低下の兆候,35.671863,139.55278
2021,58,JBG-0058,マツ,温室近く,208,11.0,要観察,樹勢低下の兆候,35.671863,139.55278
2022,58,JBG-0058,マツ,温室近く,213,11.3,要観察,樹勢低下の兆候,35.671863,139.55278
2023,58,JBG-0058,マツ,温室近く,216,11.5,虫害,防除実施予定,35.671863,139.55278
2024,58,JBG-0058,マツ,温室近く,219,11.6,虫害,防除実施予定,35.671863,139.55278
2025,58,JBG-0058,マツ,温室近く,221,11.8,虫害,防除実施予定,35.671863,139.55278
2015,59,JBG-0059,マツ,バラテラス西側,109,13.6,健全,問題なし,35.669262,139.552637
2016,59,JBG-0059,マツ,バラテラス西側,115,14.2,健全,問題なし,35.669262,139.552637
2017,59,JBG-0059,マツ,バラテラス西側,121,14.7,健全,問題なし,35.669262,139.552637
2018,59,JBG-0059,マツ,バラテラス西側,129,15.2,要観察,樹勢低下の兆候,35.669262,139.552637
2019,59,JBG-0059,マツ,バラテラス西側,134,15.5,要観察,樹勢低下の兆候,35.669262,139.552637
2020,59,JBG-0059,マツ,バラテラス西側,140,15.6,要観察,樹勢低下の兆候,35.669262,139.552637
2021,59,JBG-0059,マツ,バラテラス西側,146,15.7,虫害,防除実施予定,35.669262,139.552637
2022,59,JBG-0059,マツ,バラテラス西側,147,15.9,虫害,防除実施予定,35.669262,139.552637
2023,59,JBG-0059,マツ,バラテラス西側,149,16.1,虫害,防除実施予定,35.669262,139.552637
2024,59,JBG-0059,マツ,バラテラス西側,152,16.2,立ち枯れ,伐根検討,35.669262,139.552637
2025,59,JBG-0059,マツ,バラテラス西側,152,16.2,立ち枯れ,伐根検討,35.669262,139.552637
2015,60,JBG-0060,ナラ,バラ園北側,90,16.5,健全,問題なし,35.673187,139.552714
2016,60,JBG-0060,ナラ,バラ園北側,94,16.9,健全,問題なし,35.673187,139.552714
2017,60,JBG-0060,ナラ,バラ園北側,99,17.5,要観察,樹勢低下の兆候,35.673187,139.552714
2018,60,JBG-0060,ナラ,バラ園北側,103,17.8,要観察,樹勢低下の兆候,35.673187,139.552714
2019,60,JBG-0060,ナラ,バラ園北側,105,18.1,虫害,防除実施予定,35.673187,139.552714
2020,60,JBG-0060,ナラ,バラ園北側,105,18.2,虫害,防除実施予定,35.673187,139.552714
2021,60,JBG-0060,ナラ,バラ園北側,107,18.2,立ち枯れ,伐根検討,35.673187,139.552714
2022,60,JBG-0060,ナラ,バラ園北側,107,18.2,立ち枯れ,伐根検討,35.673187,139.552714
2023,60,JBG-0060,ナラ,バラ園北側,107,18.2,立ち枯れ,伐根検討,35.673187,139.552714
2024,60,JBG-0060,ナラ,バラ園北側,107,18.2,立ち枯れ,伐根検討,35.673187,139.552714
2025,60,JBG-0060,ナラ,バラ園北側,107,18.2,立ち枯れ,伐根検討,35.673187,139.552714
2015,61,JBG-0061,ナラ,芝生地,204,12.5,健全,問題なし,35.672111,139.544657
2016,61,JBG-0061,ナラ,芝生地,212,13.0,健全,問題なし,35.672111,139.544657
2017,61,JBG-0061,ナラ,芝生地,216,13.5,健全,問題なし,35.672111,139.544657
2018,61,JBG-0061,ナラ,芝生地,222,13.9,要観察,樹勢低下の兆候,35.672111,139.544657
2019,61,JBG-0061,ナラ,芝生地,225,14.1,要観察,樹勢低下の兆候,35.672111,139.544657
2020,61,JBG-0061,ナラ,芝生地,229,14.4,要観察,樹勢低下の兆候,35.672111,139.544657
2021,61,JBG-0061,ナラ,芝生地,233,14.7,枝折れ,剪定対応予定,35.672111,139.544657
2022,61,JBG-0061,ナラ,芝生地,233,14.8,枝折れ,剪定対応予定,35.672111,139.544657
2023,61,JBG-0061,ナラ,芝生地,235,14.9,枝折れ,剪定対応予定,35.672111,139.544657
2024,61,JBG-0061,ナラ,芝生地,235,15.0,立ち枯れ,伐根検討,35.672111,139.544657
2025,61,JBG-0061,ナラ,芝生地,235,15.0,立ち枯れ,伐根検討,35.672111,139.544657
2015,62,JBG-0062,マツ,バラ園北側,165,7.2,健全,問題なし,35.671144,139.544925
2016,62,JBG-0062,マツ,バラ園北側,171,7.5,健全,問題なし,35.671144,139.544925
2017,62,JBG-0062,マツ,バラ園北側,177,8.0,健全,問題なし,35.671144,139.544925
2018,62,JBG-0062,マツ,バラ園北側,184,8.5,健全,問題なし,35.671144,139.544925
2019,62,JBG-0062,マツ,バラ園北側,193,8.9,要観察,樹勢低下の兆候,35.671144,139.544925
2020,62,JBG-0062,マツ,バラ園北側,196,9.0,要観察,樹勢低下の兆候,35.671144,139.544925
2021,62,JBG-0062,マツ,バラ園北側,202,9.4,要観察,樹勢低下の兆候,35.671144,139.544925
2022,62,JBG-0062,マツ,バラ園北側,206,9.7,要観察,樹勢低下の兆候,35.671144,139.544925
2023,62,JBG-0062,マツ,バラ園北側,210,9.8,枝折れ,剪定対応予定,35.671144,139.544925
2024,62,JBG-0062,マツ,バラ園北側,210,9.9,枝折れ,剪定対応予定,35.671144,139.544925
2025,62,JBG-0062,マツ,バラ園北側,210,10.1,枝折れ,剪定対応予定,35.671144,139.544925
2015,63,JBG-0063,ナラ,菊花壇の南,158,4.0,健全,問題なし,35.673483,139.546354
2016,63,JBG-0063,ナラ,菊花壇の南,167,4.6,健全,問題なし,35.673483,139.546354
2017,63,JBG-0063,ナラ,菊花壇の南,172,5.3,健全,問題なし,35.673483,139.546354
2018,63,JBG-0063,ナラ,菊花壇の南,179,5.6,健全,問題なし,35.673483,139.546354
2019,63,JBG-0063,ナラ,菊花壇の南,184,6.3,要観察,樹勢低下の兆候,35.673483,139.546354
2020,63,JBG-0063,ナラ,菊花壇の南,188,6.5,要観察,樹勢低下の兆候,35.673483,139.546354
2021,63,JBG-0063,ナラ,菊花壇の南,190,6.7,要観察,樹勢低下の兆候,35.673483,139.546354
2022,63,JBG-0063,ナラ,菊花壇の南,195,7.1,要観察,樹勢低下の兆候,35.673483,139.546354
2023,63,JBG-0063,ナラ,菊花壇の南,200,7.4,虫害,防除実施予定,35.673483,139.546354
2024,63,JBG-0063,ナラ,菊花壇の南,203,7.6,虫害,防除実施予定,35.673483,139.546354
2025,63,JBG-0063,ナラ,菊花壇の南,206,7.8,虫害,防除実施予定,35.673483,139.546354
2015,64,JBG-0064,マツ,池周辺,175,6.4,健全,問題なし,35.674058,139.545765
2016,64,JBG-0064,マツ,池周辺,180,7.0,健全,問題なし,35.674058,139.545765
2017,64,JBG-0064,マツ,池周辺,189,7.5,要観察,樹勢低下の兆候,35.674058,139.545765
2018,64,JBG-0064,マツ,池周辺,195,7.8,要観察,樹勢低下の兆候,35.674058,139.545765
2019,64,JBG-0064,マツ,池周辺,197,8.0,虫害,防除実施予定,35.674058,139.545765
2020,64,JBG-0064,マツ,池周辺,199,8.1,虫害,防除実施予定,35.674058,139.545765
2021,64,JBG-0064,マツ,池周辺,199,8.2,立ち枯れ,伐根検討,35.674058,139.545765
2022,64,JBG-0064,マツ,池周辺,199,8.2,立ち枯れ,伐根検討,35.674058,139.545765
2023,64,JBG-0064,マツ,池周辺,199,8.2,立ち枯れ,伐根検討,35.674058,139.545765
2024,64,JBG-0064,マツ,池周辺,199,8.2,立ち枯れ,伐根検討,35.674058,139.545765
2025,64,JBG-0064,マツ,池周辺,199,8.2,立ち枯れ,伐根検討,35.674058,139.545765
2015,65,JBG-0065,ナラ,池周辺,84,12.9,健全,問題なし,35.668994,139.545818
2016,65,JBG-0065,ナラ,池周辺,93,13.5,健全,問題なし,35.668994,139.545818
2017,65,JBG-0065,ナラ,池周辺,99,13.9,要観察,樹勢低下の兆候,35.668994,139.545818
2018,65,JBG-0065,ナラ,池周辺,105,14.2,要観察,樹勢低下の兆候,35.668994,139.545818
2019,65,JBG-0065,ナラ,池周辺,108,14.5,虫害,防除実施予定,35.668994,139.545818
2020,65,JBG-0065,ナラ,池周辺,108,14.6,虫害,防除実施予定,35.668994,139.545818
2021,65,JBG-0065,ナラ,池周辺,109,14.8,立ち枯れ,伐根検討,35.668994,139.545818
2022,65,JBG-0065,ナラ,池周辺,109,14.8,立ち枯れ,伐根検討,35.668994,139.545818
2023,65,JBG-0065,ナラ,池周辺,109,14.8,立ち枯れ,伐根検討,35.668994,139.545818
2024,65,JBG-0065,ナラ,池周辺,109,14.8,立ち枯れ,伐根検討,35.668994,139.545818
2025,65,JBG-0065,ナラ,池周辺,109,14.8,立ち枯れ,伐根検討,35.668994,139.545818
2015,66,JBG-0066,マツ,雑木林沿い,106,23.4,健全,問題なし,35.671228,139.545007
2016,66,JBG-0066,マツ,雑木林沿い,110,24.0,健全,問題なし,35.671228,139.545007
2017,66,JBG-0066,マツ,雑木林沿い,116,24.5,健全,問題なし,35.671228,139.545007
2018,66,JBG-0066,マツ,雑木林沿い,121,24.8,健全,問題なし,35.671228,139.545007
2019,66,JBG-0066,マツ,雑木林沿い,126,25.5,要観察,樹勢低下の兆候,35.671228,139.545007
2020,66,JBG-0066,マツ,雑木林沿い,128,25.8,要観察,樹勢低下の兆候,35.671228,139.545007
2021,66,JBG-0066,マツ,雑木林沿い,131,26.1,要観察,樹勢低下の兆候,35.671228,139.545007
2022,66,JBG-0066,マツ,雑木林沿い,135,26.5,要観察,樹勢低下の兆候,35.671228,139.545007
2023,66,JBG-0066,マツ,雑木林沿い,137,26.6,枝折れ,剪定対応予定,35.671228,139.545007
2024,66,JBG-0066,マツ,雑木林沿い,137,26.7,枝折れ,剪定対応予定,35.671228,139.545007
2025,66,JBG-0066,マツ,雑木林沿い,137,26.7,枝折れ,剪定対応予定,35.671228,139.545007
2015,67,JBG-0067,ナラ,正門近く,72,5.0,健全,問題なし,35.67281,139.54773
2016,67,JBG-0067,ナラ,正門近く,77,5.6,健全,問題なし,35.67281,139.54773
2017,67,JBG-0067,ナラ,正門近く,83,6.0,健全,問題なし,35.67281,139.54773
2018,67,JBG-0067,ナラ,正門近く,88,6.5,要観察,樹勢低下の兆候,35.67281,139.54773
2019,67,JBG-0067,ナラ,正門近く,92,6.6,要観察,樹勢低下の兆候,35.67281,139.54773
2020,67,JBG-0067,ナラ,正門近く,94,6.9,要観察,樹勢低下の兆候,35.67281,139.54773
2021,67,JBG-0067,ナラ,正門近く,99,7.2,虫害,防除実施予定,35.67281,139.54773
2022,67,JBG-0067,ナラ,正門近く,100,7.3,虫害,防除実施予定,35.67281,139.54773
2023,67,JBG-0067,ナラ,正門近く,102,7.4,虫害,防除実施予定,35.67281,139.54773
2024,67,JBG-0067,ナラ,正門近く,104,7.5,立ち枯れ,伐根検討,35.67281,139.54773
2025,67,JBG-0067,ナラ,正門近く,104,7.5,立ち枯れ,伐根検討,35.67281,139.54773
2015,68,JBG-0068,ナラ,温室近く,121,14.5,健全,問題なし,35.670849,139.545787
2016,68,JBG-0068,ナラ,温室近く,128,15.1,健全,問題なし,35.670849,139.545787
2017,68,JBG-0068,ナラ,温室近く,134,15.4,健全,問題なし,35.670849,139.545787
2018,68,JBG-0068,ナラ,温室近く,140,16.0,要観察,樹勢低下の兆候,35.670849,139.545787
2019,68,JBG-0068,ナラ,温室近く,146,16.2,要観察,樹勢低下の兆候,35.670849,139.545787
2020,68,JBG-0068,ナラ,温室近く,150,16.4,要観察,樹勢低下の兆候,35.670849,139.545787
2021,68,JBG-0068,ナラ,温室近く,156,16.8,枝折れ,剪定対応予定,35.670849,139.545787
2022,68,JBG-0068,ナラ,温室近く,157,16.8,枝折れ,剪定対応予定,35.670849,139.545787
2023,68,JBG-0068,ナラ,温室近く,160,16.9,枝折れ,剪定対応予定,35.670849,139.545787
2024,68,JBG-0068,ナラ,温室近く,161,17.1,立ち枯れ,伐根検討,35.670849,139.545787
2025,68,JBG-0068,ナラ,温室近く,161,17.1,立ち枯れ,伐根検討,35.670849,139.545787
2015,69,JBG-0069,ナラ,バラ園北側,150,22.8,健全,問題なし,35.671204,139.551582
2016,69,JBG-0069,ナラ,バラ園北側,157,23.3,健全,問題なし,35.671204,139.551582
2017,69,JBG-0069,ナラ,バラ園北側,164,23.7,要観察,樹勢低下の兆候,35.671204,139.551582
2018,69,JBG-0069,ナラ,バラ園北側,169,24.0,要観察,樹勢低下の兆候,35.671204,139.551582
2019,69,JBG-0069,ナラ,バラ園北側,173,24.3,虫害,防除実施予定,35.671204,139.551582
2020,69,JBG-0069,ナラ,バラ園北側,173,24.3,虫害,防除実施予定,35.671204,139.551582
2021,69,JBG-0069,ナラ,バラ園北側,173,24.5,立ち枯れ,伐根検討,35.671204,139.551582
2022,69,JBG-0069,ナラ,バラ園北側,173,24.5,立ち枯れ,伐根検討,35.671204,139.551582
2023,69,JBG-0069,ナラ,バラ園北側,173,24.5,立ち枯れ,伐根検討,35.671204,139.551582
2024,69,JBG-0069,ナラ,バラ園北側,173,24.5,立ち枯れ,伐根検討,35.671204,139.551582
2025,69,JBG-0069,ナラ,バラ園北側,173,24.5,立ち枯れ,伐根検討,35.671204,139.551582
2015,70,JBG-0070,ナラ,園路沿い,234,3.8,健全,問題なし,35.669462,139.546747
2016,70,JBG-0070,ナラ,園路沿い,239,4.5,健全,問題なし,35.669462,139.546747
2017,70,JBG-0070,ナラ,園路沿い,244,5.1,要観察,樹勢低下の兆候,35.669462,139.546747
2018,70,JBG-0070,ナラ,園路沿い,246,5.4,要観察,樹勢低下の兆候,35.669462,139.546747
2019,70,JBG-0070,ナラ,園路沿い,251,5.5,枝折れ,剪定対応予定,35.669462,139.546747
2020,70,JBG-0070,ナラ,園路沿い,254,5.7,枝折れ,剪定対応予定,35.669462,139.546747
2021,70,JBG-0070,ナラ,園路沿い,256,5.8,立ち枯れ,伐根検討,35.669462,139.546747
2022,70,JBG-0070,ナラ,園路沿い,256,5.8,立ち枯れ,伐根検討,35.669462,139.546747
2023,70,JBG-0070,ナラ,園路沿い,256,5.8,立ち枯れ,伐根検討,35.669462,139.546747
2024,70,JBG-0070,ナラ,園路沿い,256,5.8,立ち枯れ,伐根検討,35.669462,139.546747
2025,70,JBG-0070,ナラ,園路沿い,256,5.8,立ち枯れ,伐根検討,35.669462,139.546747
2015,71,JBG-0071,ナラ,池周辺,234,2.0,健全,問題なし,35.67351,139.549942
2016,71,JBG-0071,ナラ,池周辺,240,2.4,健全,問題なし,35.67351,139.549942
2017,71,JBG-0071,ナラ,池周辺,249,2.7,健全,問題なし,35.67351,139.549942
2018,71,JBG-0071,ナラ,池周辺,255,3.3,健全,問題なし,35.67351,139.549942
2019,71,JBG-0071,ナラ,池周辺,261,3.6,要観察,樹勢低下の兆候,35.67351,139.549942
2020,71,JBG-0071,ナラ,池周辺,263,3.9,要観察,樹勢低下の兆候,35.67351,139.549942
2021,71,JBG-0071,ナラ,池周辺,267,4.3,要観察,樹勢低下の兆候,35.67351,139.549942
2022,71,JBG-0071,ナラ,池周辺,270,4.4,要観察,樹勢低下の兆候,35.67351,139.549942
2023,71,JBG-0071,ナラ,池周辺,272,4.5,虫害,防除実施予定,35.67351,139.549942
2024,71,JBG-0071,ナラ,池周辺,275,4.7,虫害,防除実施予定,35.67351,139.549942
2025,71,JBG-0071,ナラ,池周辺,277,4.7,虫害,防除実施予定,35.67351,139.549942
2015,72,JBG-0072,マツ,雑木林沿い,235,12.8,健全,問題なし,35.671024,139.545672
2016,72,JBG-0072,マツ,雑木林沿い,239,13.5,健全,問題なし,35.671024,139.545672
2017,72,JBG-0072,マツ,雑木林沿い,248,14.1,要観察,樹勢低下の兆候,35.671024,139.545672
2018,72,JBG-0072,マツ,雑木林沿い,254,14.3,要観察,樹勢低下の兆候,35.671024,139.545672
2019,72,JBG-0072,マツ,雑木林沿い,258,14.4,虫害,防除実施予定,35.671024,139.545672
2020,72,JBG-0072,マツ,雑木林沿い,261,14.4,虫害,防除実施予定,35.671024,139.545672
2021,72,JBG-0072,マツ,雑木林沿い,263,14.5,立ち枯れ,伐根検討,35.671024,139.545672
2022,72,JBG-0072,マツ,雑木林沿い,263,14.5,立ち枯れ,伐根検討,35.671024,139.545672
2023,72,JBG-0072,マツ,雑木林沿い,263,14.5,立ち枯れ,伐根検討,35.671024,139.545672
2024,72,JBG-0072,マツ,雑木林沿い,263,14.5,立ち枯れ,伐根検討,35.671024,139.545672
2025,72,JBG-0072,マツ,雑木林沿い,263,14.5,立ち枯れ,伐根検討,35.671024,139.545672
2015,73,JBG-0073,マツ,園路沿い,137,12.6,健全,問題なし,35.670681,139.552075
2016,73,JBG-0073,マツ,園路沿い,142,13.0,健全,問題なし,35.670681,139.552075
2017,73,JBG-0073,マツ,園路沿い,151,13.6,健全,問題なし,35.670681,139.552075
2018,73,JBG-0073,マツ,園路沿い,156,14.1,健全,問題なし,35.670681,139.552075
2019,73,JBG-0073,マツ,園路沿い,160,14.7,要観察,樹勢低下の兆候,35.670681,139.552075
2020,73,JBG-0073,マツ,園路沿い,164,14.9,要観察,樹勢低下の兆候,35.670681,139.552075
2021,73,JBG-0073,マツ,園路沿い,166,15.1,要観察,樹勢低下の兆候,35.670681,139.552075
2022,73,JBG-0073,マツ,園路沿い,171,15.4,要観察,樹勢低下の兆候,35.670681,139.552075
2023,73,JBG-0073,マツ,園路沿い,177,15.5,虫害,防除実施予定,35.670681,139.552075
2024,73,JBG-0073,マツ,園路沿い,177,15.7,虫害,防除実施予定,35.670681,139.552075
2025,73,JBG-0073,マツ,園路沿い,178,15.8,虫害,防除実施予定,35.670681,139.552075
2015,74,JBG-0074,マツ,バラテラス西側,55,21.1,健全,問題なし,35.670565,139.547907
2016,74,JBG-0074,マツ,バラテラス西側,61,21.5,健全,問題なし,35.670565,139.547907
2017,74,JBG-0074,マツ,バラテラス西側,70,22.0,健全,問題なし,35.670565,139.547907
2018,74,JBG-0074,マツ,バラテラス西側,74,22.6,要観察,樹勢低下の兆候,35.670565,139.547907
2019,74,JBG-0074,マツ,バラテラス西側,77,22.8,要観察,樹勢低下の兆候,35.670565,139.547907
2020,74,JBG-0074,マツ,バラテラス西側,79,23.2,要観察,樹勢低下の兆候,35.670565,139.547907
2021,74,JBG-0074,マツ,バラテラス西側,82,23.5,虫害,防除実施予定,35.670565,139.547907
2022,74,JBG-0074,マツ,バラテラス西側,84,23.6,虫害,防除実施予定,35.670565,139.547907
2023,74,JBG-0074,マツ,バラテラス西側,87,23.6,虫害,防除実施予定,35.670565,139.547907
2024,74,JBG-0074,マツ,バラテラス西側,88,23.8,立ち枯れ,伐根検討,35.670565,139.547907
2025,74,JBG-0074,マツ,バラテラス西側,88,23.8,立ち枯れ,伐根検討,35.670565,139.547907
2015,75,JBG-0075,ナラ,菊花壇の南,159,15.5,健全,問題なし,35.673961,139.551101
2016,75,JBG-0075,ナラ,菊花壇の南,165,16.2,健全,問題なし,35.673961,139.551101
2017,75,JBG-0075,ナラ,菊花壇の南,174,16.8,健全,問題なし,35.673961,139.551101
2018,75,JBG-0075,ナラ,菊花壇の南,181,17.2,健全,問題なし,35.673961,139.551101
2019,75,JBG-0075,ナラ,菊花壇の南,190,17.7,要観察,樹勢低下の兆候,35.673961,139.551101
2020,75,JBG-0075,ナラ,菊花壇の南,192,17.9,要観察,樹勢低下の兆候,35.673961,139.551101
2021,75,JBG-0075,ナラ,菊花壇の南,197,18.2,要観察,樹勢低下の兆候,35.673961,139.551101
2022,75,JBG-0075,ナラ,菊花壇の南,203,18.3,要観察,樹勢低下の兆候,35.673961,139.551101
2023,75,JBG-0075,ナラ,菊花壇の南,207,18.6,虫害,防除実施予定,35.673961,139.551101
2024,75,JBG-0075,ナラ,菊花壇の南,208,18.7,虫害,防除実施予定,35.673961,139.551101
2025,75,JBG-0075,ナラ,菊花壇の南,210,18.9,虫害,防除実施予定,35.673961,139.551101
2015,76,JBG-0076,ナラ,雑木林沿い,73,7.0,健全,問題なし,35.670032,139.547724
2016,76,JBG-0076,ナラ,雑木林沿い,77,7.7,健全,問題なし,35.670032,139.547724
2017,76,JBG-0076,ナラ,雑木林沿い,84,8.0,健全,問題なし,35.670032,139.547724
2018,76,JBG-0076,ナラ,雑木林沿い,93,8.7,健全,問題なし,35.670032,139.547724
2019,76,JBG-0076,ナラ,雑木林沿い,100,9.3,要観察,樹勢低下の兆候,35.670032,139.547724
2020,76,JBG-0076,ナラ,雑木林沿い,102,9.7,要観察,樹勢低下の兆候,35.670032,139.547724
2021,76,JBG-0076,ナラ,雑木林沿い,106,10.0,要観察,樹勢低下の兆候,35.670032,139.547724
2022,76,JBG-0076,ナラ,雑木林沿い,111,10.1,要観察,樹勢低下の兆候,35.670032,139.547724
2023,76,JBG-0076,ナラ,雑木林沿い,117,10.3,虫害,防除実施予定,35.670032,139.547724
2024,76,JBG-0076,ナラ,雑木林沿い,118,10.4,虫害,防除実施予定,35.670032,139.547724
2025,76,JBG-0076,ナラ,雑木林沿い,121,10.6,虫害,防除実施予定,35.670032,139.547724
2015,77,JBG-0077,マツ,バラ園北側,229,19.5,健全,問題なし,35.66978,139.54474
2016,77,JBG-0077,マツ,バラ園北側,237,20.0,健全,問題なし,35.66978,139.54474
2017,77,JBG-0077,マツ,バラ園北側,242,20.5,健全,問題なし,35.66978,139.54474
2018,77,JBG-0077,マツ,バラ園北側,246,21.2,健全,問題なし,35.66978,139.54474
2019,77,JBG-0077,マツ,バラ園北側,254,21.7,要観察,樹勢低下の兆候,35.66978,139.54474
2020,77,JBG-0077,マツ,バラ園北側,256,21.8,要観察,樹勢低下の兆候,35.66978,139.54474
2021,77,JBG-0077,マツ,バラ園北側,261,22.2,要観察,樹勢低下の兆候,35.66978,139.54474
2022,77,JBG-0077,マツ,バラ園北側,263,22.4,要観察,樹勢低下の兆候,35.66978,139.54474
2023,77,JBG-0077,マツ,バラ園北側,265,22.8,枝折れ,剪定対応予定,35.66978,139.54474
2024,77,JBG-0077,マツ,バラ園北側,267,23.0,枝折れ,剪定対応予定,35.66978,139.54474
2025,77,JBG-0077,マツ,バラ園北側,268,23.1,枝折れ,剪定対応予定,35.66978,139.54474
2015,78,JBG-0078,ナラ,池周辺,120,13.0,健全,問題なし,35.669904,139.545727
2016,78,JBG-0078,ナラ,池周辺,126,13.6,健全,問題なし,35.669904,139.545727
2017,78,JBG-0078,ナラ,池周辺,133,14.0,健全,問題なし,35.669904,139.545727
2018,78,JBG-0078,ナラ,池周辺,137,14.4,健全,問題なし,35.669904,139.545727
2019,78,JBG-0078,ナラ,池周辺,146,14.9,要観察,樹勢低下の兆候,35.669904,139.545727
2020,78,JBG-0078,ナラ,池周辺,152,15.2,要観察,樹勢低下の兆候,35.669904,139.545727
2021,78,JBG-0078,ナラ,池周辺,154,15.6,要観察,樹勢低下の兆候,35.669904,139.545727
2022,78,JBG-0078,ナラ,池周辺,159,15.9,要観察,樹勢低下の兆候,35.669904,139.545727
2023,78,JBG-0078,ナラ,池周辺,162,16.1,枝折れ,剪定対応予定,35.669904,139.545727
2024,78,JBG-0078,ナラ,池周辺,163,16.1,枝折れ,剪定対応予定,35.669904,139.545727
2025,78,JBG-0078,ナラ,池周辺,164,16.3,枝折れ,剪定対応予定,35.669904,139.545727
2015,79,JBG-0079,ナラ,バラ園北側,93,4.8,健全,問題なし,35.670967,139.552732
2016,79,JBG-0079,ナラ,バラ園北側,99,5.2,健全,問題なし,35.670967,139.552732
2017,79,JBG-0079,ナラ,バラ園北側,104,5.9,健全,問題なし,35.670967,139.552732
2018,79,JBG-0079,ナラ,バラ園北側,110,6.5,要観察,樹勢低下の兆候,35.670967,139.552732
2019,79,JBG-0079,ナラ,バラ園北側,113,6.7,要観察,樹勢低下の兆候,35.670967,139.552732
2020,79,JBG-0079,ナラ,バラ園北側,115,7.0,要観察,樹勢低下の兆候,35.670967,139.552732
2021,79,JBG-0079,ナラ,バラ園北側,119,7.4,虫害,防除実施予定,35.670967,139.552732
2022,79,JBG-0079,ナラ,バラ園北側,120,7.5,虫害,防除実施予定,35.670967,139.552732
2023,79,JBG-0079,ナラ,バラ園北側,120,7.5,虫害,防除実施予定,35.670967,139.552732
2024,79,JBG-0079,ナラ,バラ園北側,121,7.6,立ち枯れ,伐根検討,35.670967,139.552732
2025,79,JBG-0079,ナラ,バラ園北側,121,7.6,立ち枯れ,伐根検討,35.670967,139.552732
2015,80,JBG-0080,マツ,池周辺,125,14.1,健全,問題なし,35.669357,139.54684
2016,80,JBG-0080,マツ,池周辺,129,14.7,健全,問題なし,35.669357,139.54684
2017,80,JBG-0080,マツ,池周辺,133,15.2,健全,問題なし,35.669357,139.54684
2018,80,JBG-0080,マツ,池周辺,138,15.6,健全,問題なし,35.669357,139.54684
2019,80,JBG-0080,マツ,池周辺,145,15.9,要観察,樹勢低下の兆候,35.669357,139.54684
2020,80,JBG-0080,マツ,池周辺,149,16.0,要観察,樹勢低下の兆候,35.669357,139.54684
2021,80,JBG-0080,マツ,池周辺,155,16.2,要観察,樹勢低下の兆候,35.669357,139.54684
2022,80,JBG-0080,マツ,池周辺,161,16.5,要観察,樹勢低下の兆候,35.669357,139.54684
2023,80,JBG-0080,マツ,池周辺,164,16.7,虫害,防除実施予定,35.669357,139.54684
2024,80,JBG-0080,マツ,池周辺,167,16.8,虫害,防除実施予定,35.669357,139.54684
2025,80,JBG-0080,マツ,池周辺,168,16.9,虫害,防除実施予定,35.669357,139.54684
2015,81,JBG-0081,ナラ,バラテラス西側,95,12.6,健全,問題なし,35.670521,139.551709
2016,81,JBG-0081,ナラ,バラテラス西側,100,13.0,健全,問題なし,35.670521,139.551709
2017,81,JBG-0081,ナラ,バラテラス西側,104,13.4,健全,問題なし,35.670521,139.551709
2018,81,JBG-0081,ナラ,バラテラス西側,111,13.9,要観察,樹勢低下の兆候,35.670521,139.551709
2019,81,JBG-0081,ナラ,バラテラス西側,114,14.2,要観察,樹勢低下の兆候,35.670521,139.551709
2020,81,JBG-0081,ナラ,バラテラス西側,119,14.3,要観察,樹勢低下の兆候,35.670521,139.551709
2021,81,JBG-0081,ナラ,バラテラス西側,124,14.5,枝折れ,剪定対応予定,35.670521,139.551709
2022,81,JBG-0081,ナラ,バラテラス西側,127,14.6,枝折れ,剪定対応予定,35.670521,139.551709
2023,81,JBG-0081,ナラ,バラテラス西側,127,14.6,枝折れ,剪定対応予定,35.670521,139.551709
2024,81,JBG-0081,ナラ,バラテラス西側,127,14.7,立ち枯れ,伐根検討,35.670521,139.551709
2025,81,JBG-0081,ナラ,バラテラス西側,127,14.7,立ち枯れ,伐根検討,35.670521,139.551709
2015,82,JBG-0082,マツ,正門近く,131,2.7,健全,問題なし,35.669361,139.545519
2016,82,JBG-0082,マツ,正門近く,140,3.3,健全,問題なし,35.669361,139.545519
2017,82,JBG-0082,マツ,正門近く,147,3.6,健全,問題なし,35.669361,139.545519
2018,82,JBG-0082,マツ,正門近く,153,4.0,要観察,樹勢低下の兆候,35.669361,139.545519
2019,82,JBG-0082,マツ,正門近く,159,4.2,要観察,樹勢低下の兆候,35.669361,139.545519
2020,82,JBG-0082,マツ,正門近く,164,4.4,要観察,樹勢低下の兆候,35.669361,139.545519
2021,82,JBG-0082,マツ,正門近く,168,4.7,虫害,防除実施予定,35.669361,139.545519
2022,82,JBG-0082,マツ,正門近く,170,4.9,虫害,防除実施予定,35.669361,139.545519
2023,82,JBG-0082,マツ,正門近く,170,4.9,虫害,防除実施予定,35.669361,139.545519
2024,82,JBG-0082,マツ,正門近く,171,5.0,立ち枯れ,伐根検討,35.669361,139.545519
2025,82,JBG-0082,マツ,正門近く,171,5.0,立ち枯れ,伐根検討,35.669361,139.545519
2015,83,JBG-0083,ナラ,正門近く,168,13.3,健全,問題なし,35.674458,139.546123
2016,83,JBG-0083,ナラ,正門近く,172,14.0,健全,問題なし,35.674458,139.546123
2017,83,JBG-0083,ナラ,正門近く,177,14.4,健全,問題なし,35.674458,139.546123
2018,83,JBG-0083,ナラ,正門近く,186,14.8,要観察,樹勢低下の兆候,35.674458,139.546123
2019,83,JBG-0083,ナラ,正門近く,190,15.2,要観察,樹勢低下の兆候,35.674458,139.546123
2020,83,JBG-0083,ナラ,正門近く,196,15.4,要観察,樹勢低下の兆候,35.674458,139.546123
2021,83,JBG-0083,ナラ,正門近く,198,15.5,枝折れ,剪定対応予定,35.674458,139.546123
2022,83,JBG-0083,ナラ,正門近く,198,15.7,枝折れ,剪定対応予定,35.674458,139.546123
2023,83,JBG-0083,ナラ,正門近く,198,15.8,枝折れ,剪定対応予定,35.674458,139.546123
2024,83,JBG-0083,ナラ,正門近く,200,15.9,立ち枯れ,伐根検討,35.674458,139.546123
2025,83,JBG-0083,ナラ,正門近く,200,15.9,立ち枯れ,伐根検討,35.674458,139.546123
2015,84,JBG-0084,ナラ,雑木林沿い,58,15.7,健全,問題なし,35.670058,139.552742
2016,84,JBG-0084,ナラ,雑木林沿い,64,16.0,健全,問題なし,35.670058,139.552742
2017,84,JBG-0084,ナラ,雑木林沿い,69,16.5,健全,問題なし,35.670058,139.552742
2018,84,JBG-0084,ナラ,雑木林沿い,74,17.0,健全,問題なし,35.670058,139.552742
2019,84,JBG-0084,ナラ,雑木林沿い,80,17.5,要観察,樹勢低下の兆候,35.670058,139.552742
2020,84,JBG-0084,ナラ,雑木林沿い,85,17.9,要観察,樹勢低下の兆候,35.670058,139.552742
2021,84,JBG-0084,ナラ,雑木林沿い,90,18.1,要観察,樹勢低下の兆候,35.670058,139.552742
2022,84,JBG-0084,ナラ,雑木林沿い,93,18.3,要観察,樹勢低下の兆候,35.670058,139.552742
2023,84,JBG-0084,ナラ,雑木林沿い,99,18.6,枝折れ,剪定対応予定,35.670058,139.552742
2024,84,JBG-0084,ナラ,雑木林沿い,100,18.7,枝折れ,剪定対応予定,35.670058,139.552742
2025,84,JBG-0084,ナラ,雑木林沿い,102,18.8,枝折れ,剪定対応予定,35.670058,139.552742
2015,85,JBG-0085,マツ,池周辺,73,6.2,健全,問題なし,35.672017,139.548292
2016,85,JBG-0085,マツ,池周辺,78,6.7,健全,問題なし,35.672017,139.548292
2017,85,JBG-0085,マツ,池周辺,86,7.3,要観察,樹勢低下の兆候,35.672017,139.548292
2018,85,JBG-0085,マツ,池周辺,88,7.4,要観察,樹勢低下の兆候,35.672017,139.548292
2019,85,JBG-0085,マツ,池周辺,93,7.8,虫害,防除実施予定,35.672017,139.548292
2020,85,JBG-0085,マツ,池周辺,96,7.8,虫害,防除実施予定,35.672017,139.548292
2021,85,JBG-0085,マツ,池周辺,98,8.0,立ち枯れ,伐根検討,35.672017,139.548292
2022,85,JBG-0085,マツ,池周辺,98,8.0,立ち枯れ,伐根検討,35.672017,139.548292
2023,85,JBG-0085,マツ,池周辺,98,8.0,立ち枯れ,伐根検討,35.672017,139.548292
2024,85,JBG-0085,マツ,池周辺,98,8.0,立ち枯れ,伐根検討,35.672017,139.548292
2025,85,JBG-0085,マツ,池周辺,98,8.0,立ち枯れ,伐根検討,35.672017,139.548292
2015,86,JBG-0086,マツ,バラ園北側,75,2.0,健全,問題なし,35.669532,139.549621
2016,86,JBG-0086,マツ,バラ園北側,84,2.4,健全,問題なし,35.669532,139.549621
2017,86,JBG-0086,マツ,バラ園北側,88,2.7,健全,問題なし,35.669532,139.549621
2018,86,JBG-0086,マツ,バラ園北側,94,3.1,要観察,樹勢低下の兆候,35.669532,139.549621
2019,86,JBG-0086,マツ,バラ園北側,99,3.3,要観察,樹勢低下の兆候,35.669532,139.549621
2020,86,JBG-0086,マツ,バラ園北側,104,3.7,要観察,樹勢低下の兆候,35.669532,139.549621
2021,86,JBG-0086,マツ,バラ園北側,108,3.9,虫害,防除実施予定,35.669532,139.549621
2022,86,JBG-0086,マツ,バラ園北側,110,3.9,虫害,防除実施予定,35.669532,139.549621
2023,86,JBG-0086,マツ,バラ園北側,111,4.1,虫害,防除実施予定,35.669532,139.549621
2024,86,JBG-0086,マツ,バラ園北側,112,4.1,立ち枯れ,伐根検討,35.669532,139.549621
2025,86,JBG-0086,マツ,バラ園北側,112,4.1,立ち枯れ,伐根検討,35.669532,139.549621
2015,87,JBG-0087,マツ,菊花壇の南,74,22.7,健全,問題なし,35.672849,139.550929
2016,87,JBG-0087,マツ,菊花壇の南,80,23.2,健全,問題なし,35.672849,139.550929
2017,87,JBG-0087,マツ,菊花壇の南,89,23.6,健全,問題なし,35.672849,139.550929
2018,87,JBG-0087,マツ,菊花壇の南,93,24.2,要観察,樹勢低下の兆候,35.672849,139.550929
2019,87,JBG-0087,マツ,菊花壇の南,99,24.5,要観察,樹勢低下の兆候,35.672849,139.550929
2020,87,JBG-0087,マツ,菊花壇の南,103,24.7,要観察,樹勢低下の兆候,35.672849,139.550929
2021,87,JBG-0087,マツ,菊花壇の南,109,25.0,枝折れ,剪定対応予定,35.672849,139.550929
2022,87,JBG-0087,マツ,菊花壇の南,112,25.2,枝折れ,剪定対応予定,35.672849,139.550929
2023,87,JBG-0087,マツ,菊花壇の南,114,25.3,枝折れ,剪定対応予定,35.672849,139.550929
2024,87,JBG-0087,マツ,菊花壇の南,114,25.3,立ち枯れ,伐根検討,35.672849,139.550929
2025,87,JBG-0087,マツ,菊花壇の南,114,25.3,立ち枯れ,伐根検討,35.672849,139.550929
2015,88,JBG-0088,マツ,バラ園北側,229,22.1,健全,問題なし,35.670829,139.544704
2016,88,JBG-0088,マツ,バラ園北側,233,22.6,健全,問題なし,35.670829,139.544704
2017,88,JBG-0088,マツ,バラ園北側,239,22.9,健全,問題なし,35.670829,139.544704
2018,88,JBG-0088,マツ,バラ園北側,243,23.4,健全,問題なし,35.670829,139.544704
2019,88,JBG-0088,マツ,バラ園北側,247,24.0,要観察,樹勢低下の兆候,35.670829,139.544704
2020,88,JBG-0088,マツ,バラ園北側,252,24.2,要観察,樹勢低下の兆候,35.670829,139.544704
2021,88,JBG-0088,マツ,バラ園北側,255,24.6,要観察,樹勢低下の兆候,35.670829,139.544704
2022,88,JBG-0088,マツ,バラ園北側,259,24.9,要観察,樹勢低下の兆候,35.670829,139.544704
2023,88,JBG-0088,マツ,バラ園北側,261,25.1,虫害,防除実施予定,35.670829,139.544704
2024,88,JBG-0088,マツ,バラ園北側,263,25.2,虫害,防除実施予定,35.670829,139.544704
2025,88,JBG-0088,マツ,バラ園北側,263,25.3,虫害,防除実施予定,35.670829,139.544704
2015,89,JBG-0089,ナラ,バラ園北側,143,8.3,健全,問題なし,35.671362,139.548977
2016,89,JBG-0089,ナラ,バラ園北側,149,8.7,健全,問題なし,35.671362,139.548977
2017,89,JBG-0089,ナラ,バラ園北側,154,9.4,要観察,樹勢低下の兆候,35.671362,139.548977
2018,89,JBG-0089,ナラ,バラ園北側,156,9.5,要観察,樹勢低下の兆候,35.671362,139.548977
2019,89,JBG-0089,ナラ,バラ園北側,160,9.7,枝折れ,剪定対応予定,35.671362,139.548977
2020,89,JBG-0089,ナラ,バラ園北側,161,9.8,枝折れ,剪定対応予定,35.671362,139.548977
2021,89,JBG-0089,ナラ,バラ園北側,162,9.8,立ち枯れ,伐根検討,35.671362,139.548977
2022,89,JBG-0089,ナラ,バラ園北側,162,9.8,立ち枯れ,伐根検討,35.671362,139.548977
2023,89,JBG-0089,ナラ,バラ園北側,162,9.8,立ち枯れ,伐根検討,35.671362,139.548977
2024,89,JBG-0089,ナラ,バラ園北側,162,9.8,立ち枯れ,伐根検討,35.671362,139.548977
2025,89,JBG-0089,ナラ,バラ園北側,162,9.8,立ち枯れ,伐根検討,35.671362,139.548977
2015,90,JBG-0090,マツ,芝生地,101,6.8,健全,問題なし,35.672796,139.549449
2016,90,JBG-0090,マツ,芝生地,108,7.1,健全,問題なし,35.672796,139.549449
2017,90,JBG-0090,マツ,芝生地,116,7.7,健全,問題なし,35.672796,139.549449
2018,90,JBG-0090,マツ,芝生地,121,8.3,健全,問題なし,35.672796,139.549449
2019,90,JBG-0090,マツ,芝生地,125,8.9,要観察,樹勢低下の兆候,35.672796,139.549449
2020,90,JBG-0090,マツ,芝生地,129,9.3,要観察,樹勢低下の兆候,35.672796,139.549449
2021,90,JBG-0090,マツ,芝生地,131,9.4,要観察,樹勢低下の兆候,35.672796,139.549449
2022,90,JBG-0090,マツ,芝生地,135,9.7,要観察,樹勢低下の兆候,35.672796,139.549449
2023,90,JBG-0090,マツ,芝生地,138,9.9,枝折れ,剪定対応予定,35.672796,139.549449
2024,90,JBG-0090,マツ,芝生地,140,10.0,枝折れ,剪定対応予定,35.672796,139.549449
2025,90,JBG-0090,マツ,芝生地,142,10.0,枝折れ,剪定対応予定,35.672796,139.549449
2015,91,JBG-0091,ナラ,正門近く,238,7.8,健全,問題なし,35.671204,139.550965
2016,91,JBG-0091,ナラ,正門近く,244,8.3,健全,問題なし,35.671204,139.550965
2017,91,JBG-0091,ナラ,正門近く,251,8.8,健全,問題なし,35.671204,139.550965
2018,91,JBG-0091,ナラ,正門近く,260,9.3,健全,問題なし,35.671204,139.550965
2019,91,JBG-0091,ナラ,正門近く,269,9.9,要観察,樹勢低下の兆候,35.671204,139.550965
2020,91,JBG-0091,ナラ,正門近く,275,10.1,要観察,樹勢低下の兆候,35.671204,139.550965
2021,91,JBG-0091,ナラ,正門近く,280,10.4,要観察,樹勢低下の兆候,35.671204,139.550965
2022,91,JBG-0091,ナラ,正門近く,282,10.5,要観察,樹勢低下の兆候,35.671204,139.550965
2023,91,JBG-0091,ナラ,正門近く,286,10.7,虫害,防除実施予定,35.671204,139.550965
2024,91,JBG-0091,ナラ,正門近く,286,10.9,虫害,防除実施予定,35.671204,139.550965
2025,91,JBG-0091,ナラ,正門近く,289,11.1,虫害,防除実施予定,35.671204,139.550965
2015,92,JBG-0092,マツ,バラテラス西側,172,4.5,健全,問題なし,35.674469,139.552262
2016,92,JBG-0092,マツ,バラテラス西側,176,5.1,健全,問題なし,35.674469,139.552262
2017,92,JBG-0092,マツ,バラテラス西側,180,5.8,要観察,樹勢低下の兆候,35.674469,139.552262
2018,92,JBG-0092,マツ,バラテラス西側,185,6.1,要観察,樹勢低下の兆候,35.674469,139.552262
2019,92,JBG-0092,マツ,バラテラス西側,190,6.4,虫害,防除実施予定,35.674469,139.552262
2020,92,JBG-0092,マツ,バラテラス西側,190,6.5,虫害,防除実施予定,35.674469,139.552262
2021,92,JBG-0092,マツ,バラテラス西側,191,6.7,立ち枯れ,伐根検討,35.674469,139.552262
2022,92,JBG-0092,マツ,バラテラス西側,191,6.7,立ち枯れ,伐根検討,35.674469,139.552262
2023,92,JBG-0092,マツ,バラテラス西側,191,6.7,立ち枯れ,伐根検討,35.674469,139.552262
2024,92,JBG-0092,マツ,バラテラス西側,191,6.7,立ち枯れ,伐根検討,35.674469,139.552262
2025,92,JBG-0092,マツ,バラテラス西側,191,6.7,立ち枯れ,伐根検討,35.674469,139.552262
2015,93,JBG-0093,ナラ,正門近く,66,19.0,健全,問題なし,35.674355,139.550812
2016,93,JBG-0093,ナラ,正門近く,72,19.6,健全,問題なし,35.674355,139.550812
2017,93,JBG-0093,ナラ,正門近く,78,20.0,健全,問題なし,35.674355,139.550812
2018,93,JBG-0093,ナラ,正門近く,83,20.5,要観察,樹勢低下の兆候,35.674355,139.550812
2019,93,JBG-0093,ナラ,正門近く,87,20.8,要観察,樹勢低下の兆候,35.674355,139.550812
2020,93,JBG-0093,ナラ,正門近く,89,20.9,要観察,樹勢低下の兆候,35.674355,139.550812
2021,93,JBG-0093,ナラ,正門近く,94,21.3,虫害,防除実施予定,35.674355,139.550812
2022,93,JBG-0093,ナラ,正門近く,94,21.4,虫害,防除実施予定,35.674355,139.550812
2023,93,JBG-0093,ナラ,正門近く,94,21.4,虫害,防除実施予定,35.674355,139.550812
2024,93,JBG-0093,ナラ,正門近く,97,21.6,立ち枯れ,伐根検討,35.674355,139.550812
2025,93,JBG-0093,ナラ,正門近く,97,21.6,立ち枯れ,伐根検討,35.674355,139.550812
2015,94,JBG-0094,ナラ,園路沿い,104,22.1,健全,問題なし,35.671952,139.553304
2016,94,JBG-0094,ナラ,園路沿い,113,22.7,健全,問題なし,35.671952,139.553304
2017,94,JBG-0094,ナラ,園路沿い,122,23.2,健全,問題なし,35.671952,139.553304
2018,94,JBG-0094,ナラ,園路沿い,126,23.7,健全,問題なし,35.671952,139.553304
2019,94,JBG-0094,ナラ,園路沿い,131,24.1,要観察,樹勢低下の兆候,35.671952,139.553304
2020,94,JBG-0094,ナラ,園路沿い,136,24.4,要観察,樹勢低下の兆候,35.671952,139.553304
2021,94,JBG-0094,ナラ,園路沿い,140,24.8,要観察,樹勢低下の兆候,35.671952,139.553304
2022,94,JBG-0094,ナラ,園路沿い,146,25.1,要観察,樹勢低下の兆候,35.671952,139.553304
2023,94,JBG-0094,ナラ,園路沿い,149,25.3,虫害,防除実施予定,35.671952,139.553304
2024,94,JBG-0094,ナラ,園路沿い,152,25.4,虫害,防除実施予定,35.671952,139.553304
2025,94,JBG-0094,ナラ,園路沿い,155,25.6,虫害,防除実施予定,35.671952,139.553304
2015,95,JBG-0095,ナラ,雑木林沿い,210,21.5,健全,問題なし,35.671106,139.550457
2016,95,JBG-0095,ナラ,雑木林沿い,214,22.0,健全,問題なし,35.671106,139.550457
2017,95,JBG-0095,ナラ,雑木林沿い,223,22.4,健全,問題なし,35.671106,139.550457
2018,95,JBG-0095,ナラ,雑木林沿い,231,23.1,要観察,樹勢低下の兆候,35.671106,139.550457
2019,95,JBG-0095,ナラ,雑木林沿い,233,23.5,要観察,樹勢低下の兆候,35.671106,139.550457
2020,95,JBG-0095,ナラ,雑木林沿い,236,23.6,要観察,樹勢低下の兆候,35.671106,139.550457
2021,95,JBG-0095,ナラ,雑木林沿い,239,23.9,枝折れ,剪定対応予定,35.671106,139.550457
2022,95,JBG-0095,ナラ,雑木林沿い,241,24.0,枝折れ,剪定対応予定,35.671106,139.550457
2023,95,JBG-0095,ナラ,雑木林沿い,242,24.1,枝折れ,剪定対応予定,35.671106,139.550457
2024,95,JBG-0095,ナラ,雑木林沿い,242,24.2,立ち枯れ,伐根検討,35.671106,139.550457
2025,95,JBG-0095,ナラ,雑木林沿い,242,24.2,立ち枯れ,伐根検討,35.671106,139.550457
2015,96,JBG-0096,マツ,雑木林沿い,87,3.4,健全,問題なし,35.669061,139.54587
2016,96,JBG-0096,マツ,雑木林沿い,94,3.8,健全,問題なし,35.669061,139.54587
2017,96,JBG-0096,マツ,雑木林沿い,99,4.1,要観察,樹勢低下の兆候,35.669061,139.54587
2018,96,JBG-0096,マツ,雑木林沿い,102,4.4,要観察,樹勢低下の兆候,35.669061,139.54587
2019,96,JBG-0096,マツ,雑木林沿い,105,4.7,虫害,防除実施予定,35.669061,139.54587
2020,96,JBG-0096,マツ,雑木林沿い,108,4.8,虫害,防除実施予定,35.669061,139.54587
2021,96,JBG-0096,マツ,雑木林沿い,111,4.9,立ち枯れ,伐根検討,35.669061,139.54587
2022,96,JBG-0096,マツ,雑木林沿い,111,4.9,立ち枯れ,伐根検討,35.669061,139.54587
2023,96,JBG-0096,マツ,雑木林沿い,111,4.9,立ち枯れ,伐根検討,35.669061,139.54587
2024,96,JBG-0096,マツ,雑木林沿い,111,4.9,立ち枯れ,伐根検討,35.669061,139.54587
2025,96,JBG-0096,マツ,雑木林沿い,111,4.9,立ち枯れ,伐根検討,35.669061,139.54587
2015,97,JBG-0097,ナラ,菊花壇の南,147,12.0,健全,問題なし,35.671861,139.550852
2016,97,JBG-0097,ナラ,菊花壇の南,151,12.5,健全,問題なし,35.671861,139.550852
2017,97,JBG-0097,ナラ,菊花壇の南,158,13.1,要観察,樹勢低下の兆候,35.671861,139.550852
2018,97,JBG-0097,ナラ,菊花壇の南,161,13.3,要観察,樹勢低下の兆候,35.671861,139.550852
2019,97,JBG-0097,ナラ,菊花壇の南,166,13.6,虫害,防除実施予定,35.671861,139.550852
2020,97,JBG-0097,ナラ,菊花壇の南,167,13.7,虫害,防除実施予定,35.671861,139.550852
2021,97,JBG-0097,ナラ,菊花壇の南,167,13.8,立ち枯れ,伐根検討,35.671861,139.550852
2022,97,JBG-0097,ナラ,菊花壇の南,167,13.8,立ち枯れ,伐根検討,35.671861,139.550852
2023,97,JBG-0097,ナラ,菊花壇の南,167,13.8,立ち枯れ,伐根検討,35.671861,139.550852
2024,97,JBG-0097,ナラ,菊花壇の南,167,13.8,立ち枯れ,伐根検討,35.671861,139.550852
2025,97,JBG-0097,ナラ,菊花壇の南,167,13.8,立ち枯れ,伐根検討,35.671861,139.550852
2015,98,JBG-0098,マツ,雑木林沿い,107,19.4,健全,問題なし,35.671975,139.550447
2016,98,JBG-0098,マツ,雑木林沿い,114,19.7,健全,問題なし,35.671975,139.550447
2017,98,JBG-0098,マツ,雑木林沿い,118,20.1,健全,問題なし,35.671975,139.550447
2018,98,JBG-0098,マツ,雑木林沿い,122,20.5,要観察,樹勢低下の兆候,35.671975,139.550447
2019,98,JBG-0098,マツ,雑木林沿い,126,20.9,要観察,樹勢低下の兆候,35.671975,139.550447
2020,98,JBG-0098,マツ,雑木林沿い,130,21.1,要観察,樹勢低下の兆候,35.671975,139.550447
2021,98,JBG-0098,マツ,雑木林沿い,134,21.3,虫害,防除実施予定,35.671975,139.550447
2022,98,JBG-0098,マツ,雑木林沿い,134,21.3,虫害,防除実施予定,35.671975,139.550447
2023,98,JBG-0098,マツ,雑木林沿い,136,21.4,虫害,防除実施予定,35.671975,139.550447
2024,98,JBG-0098,マツ,雑木林沿い,137,21.6,立ち枯れ,伐根検討,35.671975,139.550447
2025,98,JBG-0098,マツ,雑木林沿い,137,21.6,立ち枯れ,伐根検討,35.671975,139.550447
2015,99,JBG-0099,ナラ,園路沿い,236,20.5,健全,問題なし,35.673055,139.549178
2016,99,JBG-0099,ナラ,園路沿い,242,21.0,健全,問題なし,35.673055,139.549178
2017,99,JBG-0099,ナラ,園路沿い,246,21.4,健全,問題なし,35.673055,139.549178
2018,99,JBG-0099,ナラ,園路沿い,255,21.8,要観察,樹勢低下の兆候,35.673055,139.549178
2019,99,JBG-0099,ナラ,園路沿い,258,22.0,要観察,樹勢低下の兆候,35.673055,139.549178
2020,99,JBG-0099,ナラ,園路沿い,260,22.2,要観察,樹勢低下の兆候,35.673055,139.549178
2021,99,JBG-0099,ナラ,園路沿い,264,22.4,虫害,防除実施予定,35.673055,139.549178
2022,99,JBG-0099,ナラ,園路沿い,265,22.6,虫害,防除実施予定,35.673055,139.549178
2023,99,JBG-0099,ナラ,園路沿い,265,22.6,虫害,防除実施予定,35.673055,139.549178
2024,99,JBG-0099,ナラ,園路沿い,267,22.7,立ち枯れ,伐根検討,35.673055,139.549178
2025,99,JBG-0099,ナラ,園路沿い,267,22.7,立ち枯れ,伐根検討,35.673055,139.549178
2015,100,JBG-0100,ナラ,正門近く,124,22.4,健全,問題なし,35.673591,139.549461
2016,100,JBG-0100,ナラ,正門近く,129,23.1,健全,問題なし,35.673591,139.549461
2017,100,JBG-0100,ナラ,正門近く,137,23.4,要観察,樹勢低下の兆候,35.673591,139.549461
2018,100,JBG-0100,ナラ,正門近く,140,23.6,要観察,樹勢低下の兆候,35.673591,139.549461
2019,100,JBG-0100,ナラ,正門近く,145,23.9,枝折れ,剪定対応予定,35.673591,139.549461
2020,100,JBG-0100,ナラ,正門近く,148,24.0,枝折れ,剪定対応予定,35.673591,139.549461
2021,100,JBG-0100,ナラ,正門近く,151,24.1,立ち枯れ,伐根検討,35.673591,139.549461
2022,100,JBG-0100,ナラ,正門近く,151,24.1,立ち枯れ,伐根検討,35.673591,139.549461
2023,100,JBG-0100,ナラ,正門近く,151,24.1,立ち枯れ,伐根検討,35.673591,139.549461
2024,100,JBG-0100,ナラ,正門近く,151,24.1,立ち枯れ,伐根検討,35.673591,139.549461
2025,100,JBG-0100,ナラ,正門近く,151,24.1,立ち枯れ,伐根検討,35.673591,139.549461
